Date	Close
2/11/2010 16:00:00	0.21
2/12/2010 16:00:00	0.21
2/16/2010 16:00:00	0.21
2/17/2010 16:00:00	0.22
2/18/2010 16:00:00	0.22
2/19/2010 16:00:00	0.22
2/22/2010 16:00:00	0.22
2/23/2010 16:00:00	0.21
2/24/2010 16:00:00	0.22
2/25/2010 16:00:00	0.22
2/26/2010 16:00:00	0.22
3/1/2010 16:00:00	0.23
3/2/2010 16:00:00	0.23
3/3/2010 16:00:00	0.23
3/4/2010 16:00:00	0.24
3/5/2010 16:00:00	0.25
3/8/2010 16:00:00	0.25
3/9/2010 16:00:00	0.25
3/10/2010 16:00:00	0.26
3/11/2010 16:00:00	0.26
3/12/2010 16:00:00	0.26
3/15/2010 16:00:00	0.26
3/16/2010 16:00:00	0.26
3/17/2010 16:00:00	0.27
3/18/2010 16:00:00	0.27
3/19/2010 16:00:00	0.26
3/22/2010 16:00:00	0.27
3/23/2010 16:00:00	0.28
3/24/2010 16:00:00	0.27
3/25/2010 16:00:00	0.27
3/26/2010 16:00:00	0.27
3/29/2010 16:00:00	0.28
3/30/2010 16:00:00	0.28
3/31/2010 16:00:00	0.28
4/1/2010 16:00:00	0.28
4/5/2010 16:00:00	0.28
4/6/2010 16:00:00	0.29
4/7/2010 16:00:00	0.28
4/8/2010 16:00:00	0.28
4/9/2010 16:00:00	0.29
4/12/2010 16:00:00	0.29
4/13/2010 16:00:00	0.3
4/14/2010 16:00:00	0.31
4/15/2010 16:00:00	0.31
4/16/2010 16:00:00	0.3
4/19/2010 16:00:00	0.3
4/20/2010 16:00:00	0.3
4/21/2010 16:00:00	0.31
4/22/2010 16:00:00	0.31
4/23/2010 16:00:00	0.32
4/26/2010 16:00:00	0.31
4/27/2010 16:00:00	0.3
4/28/2010 16:00:00	0.3
4/29/2010 16:00:00	0.31
4/30/2010 16:00:00	0.29
5/3/2010 16:00:00	0.3
5/4/2010 16:00:00	0.28
5/5/2010 16:00:00	0.27
5/6/2010 16:00:00	0.25
5/7/2010 16:00:00	0.23
5/10/2010 16:00:00	0.26
5/11/2010 16:00:00	0.26
5/12/2010 16:00:00	0.28
5/13/2010 16:00:00	0.26
5/14/2010 16:00:00	0.25
5/17/2010 16:00:00	0.25
5/18/2010 16:00:00	0.24
5/19/2010 16:00:00	0.24
5/20/2010 16:00:00	0.21
5/21/2010 16:00:00	0.21
5/24/2010 16:00:00	0.21
5/25/2010 16:00:00	0.21
5/26/2010 16:00:00	0.21
5/27/2010 16:00:00	0.23
5/28/2010 16:00:00	0.23
6/1/2010 16:00:00	0.22
6/2/2010 16:00:00	0.24
6/3/2010 16:00:00	0.24
6/4/2010 16:00:00	0.22
6/7/2010 16:00:00	0.2
6/8/2010 16:00:00	0.2
6/9/2010 16:00:00	0.2
6/10/2010 16:00:00	0.22
6/11/2010 16:00:00	0.22
6/14/2010 16:00:00	0.22
6/15/2010 16:00:00	0.24
6/16/2010 16:00:00	0.24
6/17/2010 16:00:00	0.24
6/18/2010 16:00:00	0.25
6/21/2010 16:00:00	0.24
6/22/2010 16:00:00	0.23
6/23/2010 16:00:00	0.23
6/24/2010 16:00:00	0.22
6/25/2010 16:00:00	0.22
6/28/2010 16:00:00	0.22
6/29/2010 16:00:00	0.19
6/30/2010 16:00:00	0.18
7/1/2010 16:00:00	0.18
7/2/2010 16:00:00	0.18
7/6/2010 16:00:00	0.18
7/7/2010 16:00:00	0.2
7/8/2010 16:00:00	0.2
7/9/2010 16:00:00	0.21
7/12/2010 16:00:00	0.21
7/13/2010 16:00:00	0.22
7/14/2010 16:00:00	0.22
7/15/2010 16:00:00	0.22
7/16/2010 16:00:00	0.2
7/19/2010 16:00:00	0.21
7/20/2010 16:00:00	0.21
7/21/2010 16:00:00	0.21
7/22/2010 16:00:00	0.22
7/23/2010 16:00:00	0.23
7/26/2010 16:00:00	0.23
7/27/2010 16:00:00	0.23
7/28/2010 16:00:00	0.23
7/29/2010 16:00:00	0.22
7/30/2010 16:00:00	0.22
8/2/2010 16:00:00	0.24
8/3/2010 16:00:00	0.23
8/4/2010 16:00:00	0.24
8/5/2010 16:00:00	0.24
8/6/2010 16:00:00	0.24
8/9/2010 16:00:00	0.24
8/10/2010 16:00:00	0.24
8/11/2010 16:00:00	0.22
8/12/2010 16:00:00	0.21
8/13/2010 16:00:00	0.21
8/16/2010 16:00:00	0.21
8/17/2010 16:00:00	0.22
8/18/2010 16:00:00	0.22
8/19/2010 16:00:00	0.21
8/20/2010 16:00:00	0.21
8/23/2010 16:00:00	0.2
8/24/2010 16:00:00	0.19
8/25/2010 16:00:00	0.2
8/26/2010 16:00:00	0.19
8/27/2010 16:00:00	0.2
8/30/2010 16:00:00	0.19
8/31/2010 16:00:00	0.19
9/1/2010 16:00:00	0.21
9/2/2010 16:00:00	0.21
9/3/2010 16:00:00	0.22
9/7/2010 16:00:00	0.22
9/8/2010 16:00:00	0.23
9/9/2010 16:00:00	0.23
9/10/2010 16:00:00	0.23
9/13/2010 16:00:00	0.24
9/14/2010 16:00:00	0.24
9/15/2010 16:00:00	0.25
9/16/2010 16:00:00	0.25
9/17/2010 16:00:00	0.25
9/20/2010 16:00:00	0.27
9/21/2010 16:00:00	0.27
9/22/2010 16:00:00	0.27
9/23/2010 16:00:00	0.26
9/24/2010 16:00:00	0.28
9/27/2010 16:00:00	0.28
9/28/2010 16:00:00	0.28
9/29/2010 16:00:00	0.27
9/30/2010 16:00:00	0.27
10/1/2010 16:00:00	0.27
10/4/2010 16:00:00	0.26
10/5/2010 16:00:00	0.28
10/6/2010 16:00:00	0.27
10/7/2010 16:00:00	0.28
10/8/2010 16:00:00	0.28
10/11/2010 16:00:00	0.28
10/12/2010 16:00:00	0.29
10/13/2010 16:00:00	0.29
10/14/2010 16:00:00	0.29
10/15/2010 16:00:00	0.31
10/18/2010 16:00:00	0.31
10/19/2010 16:00:00	0.3
10/20/2010 16:00:00	0.31
10/21/2010 16:00:00	0.31
10/22/2010 16:00:00	0.31
10/25/2010 16:00:00	0.32
10/26/2010 16:00:00	0.32
10/27/2010 16:00:00	0.32
10/28/2010 16:00:00	0.33
10/29/2010 16:00:00	0.32
11/1/2010 16:00:00	0.32
11/2/2010 16:00:00	0.33
11/3/2010 16:00:00	0.34
11/4/2010 16:00:00	0.35
11/5/2010 16:00:00	0.35
11/8/2010 16:00:00	0.35
11/9/2010 16:00:00	0.35
11/10/2010 16:00:00	0.35
11/11/2010 16:00:00	0.35
11/12/2010 16:00:00	0.33
11/15/2010 16:00:00	0.33
11/16/2010 16:00:00	0.31
11/17/2010 16:00:00	0.31
11/18/2010 16:00:00	0.33
11/19/2010 16:00:00	0.33
11/22/2010 16:00:00	0.34
11/23/2010 16:00:00	0.32
11/24/2010 16:00:00	0.34
11/26/2010 16:00:00	0.34
11/29/2010 16:00:00	0.33
11/30/2010 16:00:00	0.32
12/1/2010 16:00:00	0.34
12/2/2010 16:00:00	0.35
12/3/2010 16:00:00	0.35
12/6/2010 16:00:00	0.35
12/7/2010 16:00:00	0.35
12/8/2010 16:00:00	0.36
12/9/2010 16:00:00	0.36
12/10/2010 16:00:00	0.37
12/13/2010 16:00:00	0.36
12/14/2010 16:00:00	0.36
12/15/2010 16:00:00	0.36
12/16/2010 16:00:00	0.37
12/17/2010 16:00:00	0.37
12/20/2010 16:00:00	0.37
12/21/2010 16:00:00	0.37
12/22/2010 16:00:00	0.38
12/23/2010 16:00:00	0.37
12/27/2010 16:00:00	0.37
12/28/2010 16:00:00	0.37
12/29/2010 16:00:00	0.37
12/30/2010 16:00:00	0.37
12/31/2010 16:00:00	0.37
1/3/2011 16:00:00	0.38
1/4/2011 16:00:00	0.38
1/5/2011 16:00:00	0.39
1/6/2011 16:00:00	0.4
1/7/2011 16:00:00	0.4
1/10/2011 16:00:00	0.4
1/11/2011 16:00:00	0.4
1/12/2011 16:00:00	0.41
1/13/2011 16:00:00	0.41
1/14/2011 16:00:00	0.42
1/18/2011 16:00:00	0.42
1/19/2011 16:00:00	0.41
1/20/2011 16:00:00	0.4
1/21/2011 16:00:00	0.39
1/24/2011 16:00:00	0.41
1/25/2011 16:00:00	0.41
1/26/2011 16:00:00	0.41
1/27/2011 16:00:00	0.42
1/28/2011 16:00:00	0.39
1/31/2011 16:00:00	0.4
2/1/2011 16:00:00	0.42
2/2/2011 16:00:00	0.42
2/3/2011 16:00:00	0.42
2/4/2011 16:00:00	0.43
2/7/2011 16:00:00	0.43
2/8/2011 16:00:00	0.44
2/9/2011 16:00:00	0.44
2/10/2011 16:00:00	0.44
2/11/2011 16:00:00	0.45
2/14/2011 16:00:00	0.45
2/15/2011 16:00:00	0.45
2/16/2011 16:00:00	0.46
2/17/2011 16:00:00	0.46
2/18/2011 16:00:00	0.46
2/22/2011 16:00:00	0.42
2/23/2011 16:00:00	0.41
2/24/2011 16:00:00	0.41
2/25/2011 16:00:00	0.43
2/28/2011 16:00:00	0.43
3/1/2011 16:00:00	0.41
3/2/2011 16:00:00	0.42
3/3/2011 16:00:00	0.44
3/4/2011 16:00:00	0.44
3/7/2011 16:00:00	0.42
3/8/2011 16:00:00	0.42
3/9/2011 16:00:00	0.41
3/10/2011 16:00:00	0.4
3/11/2011 16:00:00	0.4
3/14/2011 16:00:00	0.4
3/15/2011 16:00:00	0.38
3/16/2011 16:00:00	0.35
3/17/2011 16:00:00	0.36
3/18/2011 16:00:00	0.36
3/21/2011 16:00:00	0.38
3/22/2011 16:00:00	0.38
3/23/2011 16:00:00	0.39
3/24/2011 16:00:00	0.41
3/25/2011 16:00:00	0.41
3/28/2011 16:00:00	0.4
3/29/2011 16:00:00	0.41
3/30/2011 16:00:00	0.42
3/31/2011 16:00:00	0.42
4/1/2011 16:00:00	0.42
4/4/2011 16:00:00	0.42
4/5/2011 16:00:00	0.41
4/6/2011 16:00:00	0.42
4/7/2011 16:00:00	0.42
4/8/2011 16:00:00	0.41
4/11/2011 16:00:00	0.41
4/12/2011 16:00:00	0.4
4/13/2011 16:00:00	0.41
4/14/2011 16:00:00	0.41
4/15/2011 16:00:00	0.4
4/18/2011 16:00:00	0.4
4/19/2011 16:00:00	0.4
4/20/2011 16:00:00	0.43
4/21/2011 16:00:00	0.44
4/25/2011 16:00:00	0.44
4/26/2011 16:00:00	0.45
4/27/2011 16:00:00	0.46
4/28/2011 16:00:00	0.46
4/29/2011 16:00:00	0.46
5/2/2011 16:00:00	0.46
5/3/2011 16:00:00	0.45
5/4/2011 16:00:00	0.45
5/5/2011 16:00:00	0.44
5/6/2011 16:00:00	0.44
5/9/2011 16:00:00	0.45
5/10/2011 16:00:00	0.46
5/11/2011 16:00:00	0.45
5/12/2011 16:00:00	0.46
5/13/2011 16:00:00	0.44
5/16/2011 16:00:00	0.42
5/17/2011 16:00:00	0.42
5/18/2011 16:00:00	0.43
5/19/2011 16:00:00	0.44
5/20/2011 16:00:00	0.43
5/23/2011 16:00:00	0.41
5/24/2011 16:00:00	0.4
5/25/2011 16:00:00	0.4
5/26/2011 16:00:00	0.41
5/27/2011 16:00:00	0.42
5/31/2011 16:00:00	0.44
6/1/2011 16:00:00	0.41
6/2/2011 16:00:00	0.41
6/3/2011 16:00:00	0.39
6/6/2011 16:00:00	0.38
6/7/2011 16:00:00	0.38
6/8/2011 16:00:00	0.37
6/9/2011 16:00:00	0.38
6/10/2011 16:00:00	0.36
6/13/2011 16:00:00	0.36
6/14/2011 16:00:00	0.37
6/15/2011 16:00:00	0.35
6/16/2011 16:00:00	0.35
6/17/2011 16:00:00	0.34
6/20/2011 16:00:00	0.35
6/21/2011 16:00:00	0.37
6/22/2011 16:00:00	0.36
6/23/2011 16:00:00	0.37
6/24/2011 16:00:00	0.35
6/27/2011 16:00:00	0.37
6/28/2011 16:00:00	0.39
6/29/2011 16:00:00	0.39
6/30/2011 16:00:00	0.41
7/1/2011 16:00:00	0.43
7/5/2011 16:00:00	0.43
7/6/2011 16:00:00	0.44
7/7/2011 16:00:00	0.46
7/8/2011 16:00:00	0.45
7/11/2011 16:00:00	0.43
7/12/2011 16:00:00	0.42
7/13/2011 16:00:00	0.42
7/14/2011 16:00:00	0.41
7/15/2011 16:00:00	0.42
7/18/2011 16:00:00	0.42
7/19/2011 16:00:00	0.45
7/20/2011 16:00:00	0.44
7/21/2011 16:00:00	0.45
7/22/2011 16:00:00	0.46
7/25/2011 16:00:00	0.46
7/26/2011 16:00:00	0.46
7/27/2011 16:00:00	0.43
7/28/2011 16:00:00	0.43
7/29/2011 16:00:00	0.43
8/1/2011 16:00:00	0.42
8/2/2011 16:00:00	0.39
8/3/2011 16:00:00	0.4
8/4/2011 16:00:00	0.34
8/5/2011 16:00:00	0.34
8/8/2011 16:00:00	0.28
8/9/2011 16:00:00	0.32
8/10/2011 16:00:00	0.28
8/11/2011 16:00:00	0.31
8/12/2011 16:00:00	0.32
8/15/2011 16:00:00	0.34
8/16/2011 16:00:00	0.33
8/17/2011 16:00:00	0.32
8/18/2011 16:00:00	0.28
8/19/2011 16:00:00	0.26
8/22/2011 16:00:00	0.26
8/23/2011 16:00:00	0.29
8/24/2011 16:00:00	0.3
8/25/2011 16:00:00	0.29
8/26/2011 16:00:00	0.31
8/29/2011 16:00:00	0.33
8/30/2011 16:00:00	0.34
8/31/2011 16:00:00	0.34
9/1/2011 16:00:00	0.33
9/2/2011 16:00:00	0.31
9/6/2011 16:00:00	0.31
9/7/2011 16:00:00	0.33
9/8/2011 16:00:00	0.33
9/9/2011 16:00:00	0.31
9/12/2011 16:00:00	0.32
9/13/2011 16:00:00	0.33
9/14/2011 16:00:00	0.35
9/15/2011 16:00:00	0.36
9/16/2011 16:00:00	0.37
9/19/2011 16:00:00	0.37
9/20/2011 16:00:00	0.37
9/21/2011 16:00:00	0.35
9/22/2011 16:00:00	0.31
9/23/2011 16:00:00	0.32
9/26/2011 16:00:00	0.33
9/27/2011 16:00:00	0.34
9/28/2011 16:00:00	0.33
9/29/2011 16:00:00	0.32
9/30/2011 16:00:00	0.29
10/3/2011 16:00:00	0.27
10/4/2011 16:00:00	0.29
10/5/2011 16:00:00	0.31
10/6/2011 16:00:00	0.32
10/7/2011 16:00:00	0.32
10/10/2011 16:00:00	0.35
10/11/2011 16:00:00	0.36
10/12/2011 16:00:00	0.36
10/13/2011 16:00:00	0.37
10/14/2011 16:00:00	0.39
10/17/2011 16:00:00	0.38
10/18/2011 16:00:00	0.39
10/19/2011 16:00:00	0.37
10/20/2011 16:00:00	0.36
10/21/2011 16:00:00	0.38
10/24/2011 16:00:00	0.4
10/25/2011 16:00:00	0.38
10/26/2011 16:00:00	0.37
10/27/2011 16:00:00	0.41
10/28/2011 16:00:00	0.41
10/31/2011 16:00:00	0.39
11/1/2011 16:00:00	0.36
11/2/2011 16:00:00	0.37
11/3/2011 16:00:00	0.39
11/4/2011 16:00:00	0.38
11/7/2011 16:00:00	0.39
11/8/2011 16:00:00	0.4
11/9/2011 16:00:00	0.36
11/10/2011 16:00:00	0.36
11/11/2011 16:00:00	0.38
11/14/2011 16:00:00	0.37
11/15/2011 16:00:00	0.39
11/16/2011 16:00:00	0.37
11/17/2011 16:00:00	0.34
11/18/2011 16:00:00	0.33
11/21/2011 16:00:00	0.31
11/22/2011 16:00:00	0.32
11/23/2011 16:00:00	0.3
11/25/2011 16:00:00	0.29
11/28/2011 16:00:00	0.32
11/29/2011 16:00:00	0.31
11/30/2011 16:00:00	0.35
12/1/2011 16:00:00	0.35
12/2/2011 16:00:00	0.35
12/5/2011 16:00:00	0.36
12/6/2011 16:00:00	0.36
12/7/2011 16:00:00	0.36
12/8/2011 16:00:00	0.34
12/9/2011 16:00:00	0.36
12/12/2011 16:00:00	0.35
12/13/2011 16:00:00	0.33
12/14/2011 16:00:00	0.32
12/15/2011 16:00:00	0.32
12/16/2011 16:00:00	0.32
12/19/2011 16:00:00	0.31
12/20/2011 16:00:00	0.34
12/21/2011 16:00:00	0.33
12/22/2011 16:00:00	0.33
12/23/2011 16:00:00	0.34
12/27/2011 16:00:00	0.34
12/28/2011 16:00:00	0.33
12/29/2011 16:00:00	0.34
12/30/2011 16:00:00	0.34
1/3/2012 16:00:00	0.36
1/4/2012 16:00:00	0.36
1/5/2012 16:00:00	0.37
1/6/2012 16:00:00	0.37
1/9/2012 16:00:00	0.37
1/10/2012 16:00:00	0.38
1/11/2012 16:00:00	0.38
1/12/2012 16:00:00	0.39
1/13/2012 16:00:00	0.38
1/17/2012 16:00:00	0.39
1/18/2012 16:00:00	0.41
1/19/2012 16:00:00	0.41
1/20/2012 16:00:00	0.41
1/23/2012 16:00:00	0.41
1/24/2012 16:00:00	0.41
1/25/2012 16:00:00	0.43
1/26/2012 16:00:00	0.42
1/27/2012 16:00:00	0.43
1/30/2012 16:00:00	0.43
1/31/2012 16:00:00	0.43
2/1/2012 16:00:00	0.44
2/2/2012 16:00:00	0.44
2/3/2012 16:00:00	0.46
2/6/2012 16:00:00	0.46
2/7/2012 16:00:00	0.46
2/8/2012 16:00:00	0.47
2/9/2012 16:00:00	0.48
2/10/2012 16:00:00	0.47
2/13/2012 16:00:00	0.48
2/14/2012 16:00:00	0.49
2/15/2012 16:00:00	0.48
2/16/2012 16:00:00	0.5
2/17/2012 16:00:00	0.49
2/21/2012 16:00:00	0.5
2/22/2012 16:00:00	0.49
2/23/2012 16:00:00	0.5
2/24/2012 16:00:00	0.5
2/27/2012 16:00:00	0.51
2/28/2012 16:00:00	0.52
2/29/2012 16:00:00	0.51
3/1/2012 16:00:00	0.53
3/2/2012 16:00:00	0.53
3/5/2012 16:00:00	0.51
3/6/2012 16:00:00	0.49
3/7/2012 16:00:00	0.51
3/8/2012 16:00:00	0.52
3/9/2012 16:00:00	0.53
3/12/2012 16:00:00	0.53
3/13/2012 16:00:00	0.56
3/14/2012 16:00:00	0.56
3/15/2012 16:00:00	0.57
3/16/2012 16:00:00	0.57
3/19/2012 16:00:00	0.58
3/20/2012 16:00:00	0.58
3/21/2012 16:00:00	0.58
3/22/2012 16:00:00	0.58
3/23/2012 16:00:00	0.58
3/26/2012 16:00:00	0.61
3/27/2012 16:00:00	0.61
3/28/2012 16:00:00	0.6
3/29/2012 16:00:00	0.6
3/30/2012 16:00:00	0.59
4/2/2012 16:00:00	0.61
4/3/2012 16:00:00	0.61
4/4/2012 16:00:00	0.59
4/5/2012 16:00:00	0.6
4/9/2012 16:00:00	0.58
4/10/2012 16:00:00	0.56
4/11/2012 16:00:00	0.56
4/12/2012 16:00:00	0.58
4/13/2012 16:00:00	0.56
4/16/2012 16:00:00	0.54
4/17/2012 16:00:00	0.57
4/18/2012 16:00:00	0.57
4/19/2012 16:00:00	0.55
4/20/2012 16:00:00	0.54
4/23/2012 16:00:00	0.53
4/24/2012 16:00:00	0.52
4/25/2012 16:00:00	0.56
4/26/2012 16:00:00	0.57
4/27/2012 16:00:00	0.58
4/30/2012 16:00:00	0.57
5/1/2012 16:00:00	0.57
5/2/2012 16:00:00	0.58
5/3/2012 16:00:00	0.56
5/4/2012 16:00:00	0.52
5/7/2012 16:00:00	0.52
5/8/2012 16:00:00	0.51
5/9/2012 16:00:00	0.51
5/10/2012 16:00:00	0.5
5/11/2012 16:00:00	0.5
5/14/2012 16:00:00	0.49
5/15/2012 16:00:00	0.48
5/16/2012 16:00:00	0.47
5/17/2012 16:00:00	0.45
5/18/2012 16:00:00	0.43
5/21/2012 16:00:00	0.46
5/22/2012 16:00:00	0.46
5/23/2012 16:00:00	0.46
5/24/2012 16:00:00	0.46
5/25/2012 16:00:00	0.45
5/29/2012 16:00:00	0.47
5/30/2012 16:00:00	0.46
5/31/2012 16:00:00	0.45
6/1/2012 16:00:00	0.42
6/4/2012 16:00:00	0.43
6/5/2012 16:00:00	0.43
6/6/2012 16:00:00	0.46
6/7/2012 16:00:00	0.46
6/8/2012 16:00:00	0.47
6/11/2012 16:00:00	0.45
6/12/2012 16:00:00	0.46
6/13/2012 16:00:00	0.45
6/14/2012 16:00:00	0.46
6/15/2012 16:00:00	0.47
6/18/2012 16:00:00	0.49
6/19/2012 16:00:00	0.5
6/20/2012 16:00:00	0.5
6/21/2012 16:00:00	0.47
6/22/2012 16:00:00	0.48
6/25/2012 16:00:00	0.45
6/26/2012 16:00:00	0.46
6/27/2012 16:00:00	0.47
6/28/2012 16:00:00	0.45
6/29/2012 16:00:00	0.5
7/2/2012 16:00:00	0.5
7/3/2012 16:00:00	0.51
7/5/2012 16:00:00	0.51
7/6/2012 16:00:00	0.49
7/9/2012 16:00:00	0.49
7/10/2012 16:00:00	0.48
7/11/2012 16:00:00	0.47
7/12/2012 16:00:00	0.46
7/13/2012 16:00:00	0.48
7/16/2012 16:00:00	0.47
7/17/2012 16:00:00	0.48
7/18/2012 16:00:00	0.5
7/19/2012 16:00:00	0.52
7/20/2012 16:00:00	0.5
7/23/2012 16:00:00	0.48
7/24/2012 16:00:00	0.47
7/25/2012 16:00:00	0.46
7/26/2012 16:00:00	0.47
7/27/2012 16:00:00	0.51
7/30/2012 16:00:00	0.51
7/31/2012 16:00:00	0.51
8/1/2012 16:00:00	0.5
8/2/2012 16:00:00	0.5
8/3/2012 16:00:00	0.53
8/6/2012 16:00:00	0.54
8/7/2012 16:00:00	0.55
8/8/2012 16:00:00	0.55
8/9/2012 16:00:00	0.55
8/10/2012 16:00:00	0.56
8/13/2012 16:00:00	0.56
8/14/2012 16:00:00	0.56
8/15/2012 16:00:00	0.56
8/16/2012 16:00:00	0.59
8/17/2012 16:00:00	0.59
8/20/2012 16:00:00	0.6
8/21/2012 16:00:00	0.59
8/22/2012 16:00:00	0.59
8/23/2012 16:00:00	0.58
8/24/2012 16:00:00	0.59
8/27/2012 16:00:00	0.59
8/28/2012 16:00:00	0.59
8/29/2012 16:00:00	0.6
8/30/2012 16:00:00	0.58
8/31/2012 16:00:00	0.59
9/4/2012 16:00:00	0.59
9/5/2012 16:00:00	0.58
9/6/2012 16:00:00	0.62
9/7/2012 16:00:00	0.62
9/10/2012 16:00:00	0.6
9/11/2012 16:00:00	0.59
9/12/2012 16:00:00	0.6
9/13/2012 16:00:00	0.62
9/14/2012 16:00:00	0.64
9/17/2012 16:00:00	0.64
9/18/2012 16:00:00	0.64
9/19/2012 16:00:00	0.65
9/20/2012 16:00:00	0.64
9/21/2012 16:00:00	0.64
9/24/2012 16:00:00	0.63
9/25/2012 16:00:00	0.61
9/26/2012 16:00:00	0.59
9/27/2012 16:00:00	0.62
9/28/2012 16:00:00	0.6
10/1/2012 16:00:00	0.6
10/2/2012 16:00:00	0.6
10/3/2012 16:00:00	0.61
10/4/2012 16:00:00	0.62
10/5/2012 16:00:00	0.61
10/8/2012 16:00:00	0.59
10/9/2012 16:00:00	0.56
10/10/2012 16:00:00	0.56
10/11/2012 16:00:00	0.55
10/12/2012 16:00:00	0.55
10/15/2012 16:00:00	0.56
10/16/2012 16:00:00	0.59
10/17/2012 16:00:00	0.59
10/18/2012 16:00:00	0.57
10/19/2012 16:00:00	0.53
10/22/2012 16:00:00	0.53
10/23/2012 16:00:00	0.52
10/24/2012 16:00:00	0.51
10/25/2012 16:00:00	0.51
10/26/2012 16:00:00	0.52
10/31/2012 16:00:00	0.51
11/1/2012 16:00:00	0.53
11/2/2012 16:00:00	0.51
11/5/2012 16:00:00	0.52
11/6/2012 16:00:00	0.53
11/7/2012 16:00:00	0.49
11/8/2012 16:00:00	0.47
11/9/2012 16:00:00	0.47
11/12/2012 16:00:00	0.47
11/13/2012 16:00:00	0.46
11/14/2012 16:00:00	0.44
11/15/2012 16:00:00	0.44
11/16/2012 16:00:00	0.45
11/19/2012 16:00:00	0.48
11/20/2012 16:00:00	0.48
11/21/2012 16:00:00	0.48
11/23/2012 16:00:00	0.5
11/26/2012 16:00:00	0.51
11/27/2012 16:00:00	0.5
11/28/2012 16:00:00	0.52
11/29/2012 16:00:00	0.53
11/30/2012 16:00:00	0.52
12/3/2012 16:00:00	0.52
12/4/2012 16:00:00	0.52
12/5/2012 16:00:00	0.5
12/6/2012 16:00:00	0.51
12/7/2012 16:00:00	0.5
12/10/2012 16:00:00	0.51
12/11/2012 16:00:00	0.53
12/12/2012 16:00:00	0.52
12/13/2012 16:00:00	0.51
12/14/2012 16:00:00	0.5
12/17/2012 16:00:00	0.52
12/18/2012 16:00:00	0.54
12/19/2012 16:00:00	0.53
12/20/2012 16:00:00	0.53
12/21/2012 16:00:00	0.52
12/24/2012 16:00:00	0.51
12/26/2012 16:00:00	0.5
12/27/2012 16:00:00	0.5
12/28/2012 16:00:00	0.48
12/31/2012 16:00:00	0.51
1/2/2013 16:00:00	0.56
1/3/2013 16:00:00	0.55
1/4/2013 16:00:00	0.55
1/7/2013 16:00:00	0.55
1/8/2013 16:00:00	0.55
1/9/2013 16:00:00	0.55
1/10/2013 16:00:00	0.56
1/11/2013 16:00:00	0.56
1/14/2013 16:00:00	0.56
1/15/2013 16:00:00	0.55
1/16/2013 16:00:00	0.55
1/17/2013 16:00:00	0.56
1/18/2013 16:00:00	0.56
1/22/2013 16:00:00	0.56
1/23/2013 16:00:00	0.57
1/24/2013 16:00:00	0.55
1/25/2013 16:00:00	0.56
1/28/2013 16:00:00	0.56
1/29/2013 16:00:00	0.56
1/30/2013 16:00:00	0.56
1/31/2013 16:00:00	0.55
2/1/2013 16:00:00	0.57
2/4/2013 16:00:00	0.54
2/5/2013 16:00:00	0.57
2/6/2013 16:00:00	0.56
2/7/2013 16:00:00	0.56
2/8/2013 16:00:00	0.58
2/11/2013 16:00:00	0.58
2/12/2013 16:00:00	0.57
2/13/2013 16:00:00	0.58
2/14/2013 16:00:00	0.58
2/15/2013 16:00:00	0.57
2/19/2013 16:00:00	0.59
2/20/2013 16:00:00	0.56
2/21/2013 16:00:00	0.54
2/22/2013 16:00:00	0.56
2/25/2013 16:00:00	0.54
2/26/2013 16:00:00	0.54
2/27/2013 16:00:00	0.56
2/28/2013 16:00:00	0.56
3/1/2013 16:00:00	0.56
3/4/2013 16:00:00	0.57
3/5/2013 16:00:00	0.59
3/6/2013 16:00:00	0.59
3/7/2013 16:00:00	0.6
3/8/2013 16:00:00	0.6
3/11/2013 16:00:00	0.6
3/12/2013 16:00:00	0.6
3/13/2013 16:00:00	0.59
3/14/2013 16:00:00	0.6
3/15/2013 16:00:00	0.59
3/18/2013 16:00:00	0.59
3/19/2013 16:00:00	0.59
3/20/2013 16:00:00	0.6
3/21/2013 16:00:00	0.58
3/22/2013 16:00:00	0.6
3/25/2013 16:00:00	0.59
3/26/2013 16:00:00	0.6
3/27/2013 16:00:00	0.6
3/28/2013 16:00:00	0.6
4/1/2013 16:00:00	0.59
4/2/2013 16:00:00	0.61
4/3/2013 16:00:00	0.59
4/4/2013 16:00:00	0.59
4/5/2013 16:00:00	0.58
4/8/2013 16:00:00	0.59
4/9/2013 16:00:00	0.6
4/10/2013 16:00:00	0.63
4/11/2013 16:00:00	0.63
4/12/2013 16:00:00	0.63
4/15/2013 16:00:00	0.59
4/16/2013 16:00:00	0.62
4/17/2013 16:00:00	0.58
4/18/2013 16:00:00	0.56
4/19/2013 16:00:00	0.58
4/22/2013 16:00:00	0.6
4/23/2013 16:00:00	0.61
4/24/2013 16:00:00	0.61
4/25/2013 16:00:00	0.62
4/26/2013 16:00:00	0.62
4/29/2013 16:00:00	0.63
4/30/2013 16:00:00	0.65
5/1/2013 16:00:00	0.64
5/2/2013 16:00:00	0.66
5/3/2013 16:00:00	0.68
5/6/2013 16:00:00	0.69
5/7/2013 16:00:00	0.69
5/8/2013 16:00:00	0.7
5/9/2013 16:00:00	0.7
5/10/2013 16:00:00	0.71
5/13/2013 16:00:00	0.72
5/14/2013 16:00:00	0.73
5/15/2013 16:00:00	0.73
5/16/2013 16:00:00	0.73
5/17/2013 16:00:00	0.75
5/20/2013 16:00:00	0.75
5/21/2013 16:00:00	0.75
5/22/2013 16:00:00	0.73
5/23/2013 16:00:00	0.72
5/24/2013 16:00:00	0.72
5/28/2013 16:00:00	0.74
5/29/2013 16:00:00	0.73
5/30/2013 16:00:00	0.74
5/31/2013 16:00:00	0.72
6/3/2013 16:00:00	0.72
6/4/2013 16:00:00	0.71
6/5/2013 16:00:00	0.68
6/6/2013 16:00:00	0.69
6/7/2013 16:00:00	0.72
6/10/2013 16:00:00	0.72
6/11/2013 16:00:00	0.7
6/12/2013 16:00:00	0.67
6/13/2013 16:00:00	0.7
6/14/2013 16:00:00	0.69
6/17/2013 16:00:00	0.71
6/18/2013 16:00:00	0.72
6/19/2013 16:00:00	0.7
6/20/2013 16:00:00	0.65
6/21/2013 16:00:00	0.64
6/24/2013 16:00:00	0.62
6/25/2013 16:00:00	0.63
6/26/2013 16:00:00	0.65
6/27/2013 16:00:00	0.66
6/28/2013 16:00:00	0.66
7/1/2013 16:00:00	0.67
7/2/2013 16:00:00	0.67
7/3/2013 16:00:00	0.68
7/5/2013 16:00:00	0.7
7/8/2013 16:00:00	0.7
7/9/2013 16:00:00	0.71
7/10/2013 16:00:00	0.72
7/11/2013 16:00:00	0.77
7/12/2013 16:00:00	0.78
7/15/2013 16:00:00	0.78
7/16/2013 16:00:00	0.78
7/17/2013 16:00:00	0.79
7/18/2013 16:00:00	0.78
7/19/2013 16:00:00	0.76
7/22/2013 16:00:00	0.76
7/23/2013 16:00:00	0.75
7/24/2013 16:00:00	0.75
7/25/2013 16:00:00	0.77
7/26/2013 16:00:00	0.78
7/29/2013 16:00:00	0.77
7/30/2013 16:00:00	0.79
7/31/2013 16:00:00	0.79
8/1/2013 16:00:00	0.82
8/2/2013 16:00:00	0.83
8/5/2013 16:00:00	0.83
8/6/2013 16:00:00	0.82
8/7/2013 16:00:00	0.81
8/8/2013 16:00:00	0.82
8/9/2013 16:00:00	0.81
8/12/2013 16:00:00	0.82
8/13/2013 16:00:00	0.83
8/14/2013 16:00:00	0.82
8/15/2013 16:00:00	0.78
8/16/2013 16:00:00	0.78
8/19/2013 16:00:00	0.78
8/20/2013 16:00:00	0.79
8/21/2013 16:00:00	0.78
8/22/2013 16:00:00	0.8
8/23/2013 16:00:00	0.82
8/26/2013 16:00:00	0.82
8/27/2013 16:00:00	0.77
8/28/2013 16:00:00	0.78
8/29/2013 16:00:00	0.79
8/30/2013 16:00:00	0.78
9/3/2013 16:00:00	0.79
9/4/2013 16:00:00	0.82
9/5/2013 16:00:00	0.82
9/6/2013 16:00:00	0.82
9/9/2013 16:00:00	0.85
9/10/2013 16:00:00	0.87
9/11/2013 16:00:00	0.86
9/12/2013 16:00:00	0.86
9/13/2013 16:00:00	0.86
9/16/2013 16:00:00	0.85
9/17/2013 16:00:00	0.87
9/18/2013 16:00:00	0.9
9/19/2013 16:00:00	0.91
9/20/2013 16:00:00	0.9
9/23/2013 16:00:00	0.89
9/24/2013 16:00:00	0.89
9/25/2013 16:00:00	0.88
9/26/2013 16:00:00	0.9
9/27/2013 16:00:00	0.9
9/30/2013 16:00:00	0.89
10/1/2013 16:00:00	0.92
10/2/2013 16:00:00	0.92
10/3/2013 16:00:00	0.89
10/4/2013 16:00:00	0.91
10/7/2013 16:00:00	0.89
10/8/2013 16:00:00	0.84
10/9/2013 16:00:00	0.83
10/10/2013 16:00:00	0.88
10/11/2013 16:00:00	0.9
10/14/2013 16:00:00	0.92
10/15/2013 16:00:00	0.91
10/16/2013 16:00:00	0.94
10/17/2013 16:00:00	0.96
10/18/2013 16:00:00	1.0
10/21/2013 16:00:00	1.01
10/22/2013 16:00:00	1.01
10/23/2013 16:00:00	1.0
10/24/2013 16:00:00	1.01
10/25/2013 16:00:00	1.03
10/28/2013 16:00:00	1.03
10/29/2013 16:00:00	1.04
10/30/2013 16:00:00	1.03
10/31/2013 16:00:00	1.03
11/1/2013 16:00:00	1.02
11/4/2013 16:00:00	1.03
11/5/2013 16:00:00	1.03
11/6/2013 16:00:00	1.03
11/7/2013 16:00:00	0.98
11/8/2013 16:00:00	1.01
11/11/2013 16:00:00	1.01
11/12/2013 16:00:00	1.01
11/13/2013 16:00:00	1.05
11/14/2013 16:00:00	1.06
11/15/2013 16:00:00	1.07
11/18/2013 16:00:00	1.04
11/19/2013 16:00:00	1.03
11/20/2013 16:00:00	1.02
11/21/2013 16:00:00	1.05
11/22/2013 16:00:00	1.07
11/25/2013 16:00:00	1.07
11/26/2013 16:00:00	1.09
11/27/2013 16:00:00	1.11
11/29/2013 16:00:00	1.13
12/2/2013 16:00:00	1.12
12/3/2013 16:00:00	1.12
12/4/2013 16:00:00	1.12
12/5/2013 16:00:00	1.12
12/6/2013 16:00:00	1.14
12/9/2013 16:00:00	1.16
12/10/2013 16:00:00	1.16
12/11/2013 16:00:00	1.11
12/12/2013 16:00:00	1.1
12/13/2013 16:00:00	1.1
12/16/2013 16:00:00	1.12
12/17/2013 16:00:00	1.11
12/18/2013 16:00:00	1.15
12/19/2013 16:00:00	1.14
12/20/2013 16:00:00	1.17
12/23/2013 16:00:00	1.21
12/24/2013 16:00:00	1.21
12/26/2013 16:00:00	1.22
12/27/2013 16:00:00	1.21
12/30/2013 16:00:00	1.21
12/31/2013 16:00:00	1.23
1/2/2014 16:00:00	1.2
1/3/2014 16:00:00	1.18
1/6/2014 16:00:00	1.16
1/7/2014 16:00:00	1.19
1/8/2014 16:00:00	1.2
1/9/2014 16:00:00	1.19
1/10/2014 16:00:00	1.2
1/13/2014 16:00:00	1.15
1/14/2014 16:00:00	1.22
1/15/2014 16:00:00	1.24
1/16/2014 16:00:00	1.25
1/17/2014 16:00:00	1.22
1/21/2014 16:00:00	1.25
1/22/2014 16:00:00	1.26
1/23/2014 16:00:00	1.25
1/24/2014 16:00:00	1.17
1/27/2014 16:00:00	1.14
1/28/2014 16:00:00	1.14
1/29/2014 16:00:00	1.1
1/30/2014 16:00:00	1.16
1/31/2014 16:00:00	1.15
2/3/2014 16:00:00	1.08
2/4/2014 16:00:00	1.1
2/5/2014 16:00:00	1.09
2/6/2014 16:00:00	1.13
2/7/2014 16:00:00	1.19
2/10/2014 16:00:00	1.21
2/11/2014 16:00:00	1.25
2/12/2014 16:00:00	1.26
2/13/2014 16:00:00	1.29
2/14/2014 16:00:00	1.29
2/18/2014 16:00:00	1.32
2/19/2014 16:00:00	1.29
2/20/2014 16:00:00	1.31
2/21/2014 16:00:00	1.3
2/24/2014 16:00:00	1.32
2/25/2014 16:00:00	1.32
2/26/2014 16:00:00	1.31
2/27/2014 16:00:00	1.34
2/28/2014 16:00:00	1.33
3/3/2014 16:00:00	1.3
3/4/2014 16:00:00	1.35
3/5/2014 16:00:00	1.37
3/6/2014 16:00:00	1.36
3/7/2014 16:00:00	1.34
3/10/2014 16:00:00	1.34
3/11/2014 16:00:00	1.33
3/12/2014 16:00:00	1.34
3/13/2014 16:00:00	1.28
3/14/2014 16:00:00	1.26
3/17/2014 16:00:00	1.29
3/18/2014 16:00:00	1.34
3/19/2014 16:00:00	1.32
3/20/2014 16:00:00	1.33
3/21/2014 16:00:00	1.28
3/24/2014 16:00:00	1.25
3/25/2014 16:00:00	1.26
3/26/2014 16:00:00	1.21
3/27/2014 16:00:00	1.19
3/28/2014 16:00:00	1.2
3/31/2014 16:00:00	1.22
4/1/2014 16:00:00	1.29
4/2/2014 16:00:00	1.3
4/3/2014 16:00:00	1.27
4/4/2014 16:00:00	1.16
4/7/2014 16:00:00	1.13
4/8/2014 16:00:00	1.16
4/9/2014 16:00:00	1.22
4/10/2014 16:00:00	1.11
4/11/2014 16:00:00	1.07
4/14/2014 16:00:00	1.09
4/15/2014 16:00:00	1.1
4/16/2014 16:00:00	1.15
4/17/2014 16:00:00	1.15
4/21/2014 16:00:00	1.17
4/22/2014 16:00:00	1.2
4/23/2014 16:00:00	1.17
4/24/2014 16:00:00	1.2
4/25/2014 16:00:00	1.15
4/28/2014 16:00:00	1.16
4/29/2014 16:00:00	1.18
4/30/2014 16:00:00	1.19
5/1/2014 16:00:00	1.21
5/2/2014 16:00:00	1.2
5/5/2014 16:00:00	1.22
5/6/2014 16:00:00	1.17
5/7/2014 16:00:00	1.16
5/8/2014 16:00:00	1.16
5/9/2014 16:00:00	1.17
5/12/2014 16:00:00	1.23
5/13/2014 16:00:00	1.23
5/14/2014 16:00:00	1.21
5/15/2014 16:00:00	1.18
5/16/2014 16:00:00	1.2
5/19/2014 16:00:00	1.23
5/20/2014 16:00:00	1.22
5/21/2014 16:00:00	1.25
5/22/2014 16:00:00	1.27
5/23/2014 16:00:00	1.29
5/27/2014 16:00:00	1.34
5/28/2014 16:00:00	1.33
5/29/2014 16:00:00	1.36
5/30/2014 16:00:00	1.36
6/2/2014 16:00:00	1.35
6/3/2014 16:00:00	1.35
6/4/2014 16:00:00	1.37
6/5/2014 16:00:00	1.4
6/6/2014 16:00:00	1.42
6/9/2014 16:00:00	1.42
6/10/2014 16:00:00	1.43
6/11/2014 16:00:00	1.43
6/12/2014 16:00:00	1.39
6/13/2014 16:00:00	1.4
6/16/2014 16:00:00	1.4
6/17/2014 16:00:00	1.41
6/18/2014 16:00:00	1.43
6/19/2014 16:00:00	1.43
6/20/2014 16:00:00	1.43
6/23/2014 16:00:00	1.43
6/24/2014 16:00:00	1.43
6/25/2014 16:00:00	1.46
6/26/2014 16:00:00	1.46
6/27/2014 16:00:00	1.47
6/30/2014 16:00:00	1.48
7/1/2014 16:00:00	1.53
7/2/2014 16:00:00	1.54
7/3/2014 16:00:00	1.57
7/7/2014 16:00:00	1.55
7/8/2014 16:00:00	1.5
7/9/2014 16:00:00	1.53
7/10/2014 16:00:00	1.52
7/11/2014 16:00:00	1.55
7/14/2014 16:00:00	1.58
7/15/2014 16:00:00	1.56
7/16/2014 16:00:00	1.58
7/17/2014 16:00:00	1.51
7/18/2014 16:00:00	1.59
7/21/2014 16:00:00	1.58
7/22/2014 16:00:00	1.61
7/23/2014 16:00:00	1.64
7/24/2014 16:00:00	1.64
7/25/2014 16:00:00	1.62
7/28/2014 16:00:00	1.62
7/29/2014 16:00:00	1.61
7/30/2014 16:00:00	1.63
7/31/2014 16:00:00	1.53
8/1/2014 16:00:00	1.51
8/4/2014 16:00:00	1.54
8/5/2014 16:00:00	1.51
8/6/2014 16:00:00	1.5
8/7/2014 16:00:00	1.49
8/8/2014 16:00:00	1.52
8/11/2014 16:00:00	1.55
8/12/2014 16:00:00	1.55
8/13/2014 16:00:00	1.6
8/14/2014 16:00:00	1.62
8/15/2014 16:00:00	1.64
8/18/2014 16:00:00	1.68
8/19/2014 16:00:00	1.71
8/20/2014 16:00:00	1.71
8/21/2014 16:00:00	1.72
8/22/2014 16:00:00	1.73
8/25/2014 16:00:00	1.75
8/26/2014 16:00:00	1.75
8/27/2014 16:00:00	1.75
8/28/2014 16:00:00	1.75
8/29/2014 16:00:00	1.77
9/2/2014 16:00:00	1.78
9/3/2014 16:00:00	1.75
9/4/2014 16:00:00	1.75
9/5/2014 16:00:00	1.77
9/8/2014 16:00:00	1.78
9/9/2014 16:00:00	1.74
9/10/2014 16:00:00	1.78
9/11/2014 16:00:00	1.78
9/12/2014 16:00:00	1.75
9/15/2014 16:00:00	1.7
9/16/2014 16:00:00	1.74
9/17/2014 16:00:00	1.75
9/18/2014 16:00:00	1.79
9/19/2014 16:00:00	1.78
9/22/2014 16:00:00	1.74
9/23/2014 16:00:00	1.72
9/24/2014 16:00:00	1.78
9/25/2014 16:00:00	1.66
9/26/2014 16:00:00	1.72
9/29/2014 16:00:00	1.71
9/30/2014 16:00:00	1.72
10/1/2014 16:00:00	1.64
10/2/2014 16:00:00	1.63
10/3/2014 16:00:00	1.68
10/6/2014 16:00:00	1.67
10/7/2014 16:00:00	1.6
10/8/2014 16:00:00	1.69
10/9/2014 16:00:00	1.61
10/10/2014 16:00:00	1.49
10/13/2014 16:00:00	1.42
10/14/2014 16:00:00	1.42
10/15/2014 16:00:00	1.39
10/16/2014 16:00:00	1.37
10/17/2014 16:00:00	1.42
10/20/2014 16:00:00	1.48
10/21/2014 16:00:00	1.6
10/22/2014 16:00:00	1.58
10/23/2014 16:00:00	1.65
10/24/2014 16:00:00	1.69
10/27/2014 16:00:00	1.69
10/28/2014 16:00:00	1.77
10/29/2014 16:00:00	1.75
10/30/2014 16:00:00	1.76
10/31/2014 16:00:00	1.83
11/3/2014 16:00:00	1.85
11/4/2014 16:00:00	1.83
11/5/2014 16:00:00	1.83
11/6/2014 16:00:00	1.85
11/7/2014 16:00:00	1.84
11/10/2014 16:00:00	1.86
11/11/2014 16:00:00	1.88
11/12/2014 16:00:00	1.89
11/13/2014 16:00:00	1.91
11/14/2014 16:00:00	1.93
11/17/2014 16:00:00	1.91
11/18/2014 16:00:00	1.95
11/19/2014 16:00:00	1.93
11/20/2014 16:00:00	1.95
11/21/2014 16:00:00	1.97
11/24/2014 16:00:00	2.01
11/25/2014 16:00:00	2.02
11/26/2014 16:00:00	2.06
11/28/2014 16:00:00	2.09
12/1/2014 16:00:00	2.01
12/2/2014 16:00:00	2.04
12/3/2014 16:00:00	2.05
12/4/2014 16:00:00	2.05
12/5/2014 16:00:00	2.05
12/8/2014 16:00:00	2.01
12/9/2014 16:00:00	2.03
12/10/2014 16:00:00	1.93
12/11/2014 16:00:00	1.96
12/12/2014 16:00:00	1.89
12/15/2014 16:00:00	1.84
12/16/2014 16:00:00	1.74
12/17/2014 16:00:00	1.84
12/18/2014 16:00:00	1.97
12/19/2014 16:00:00	2.0
12/22/2014 16:00:00	2.01
12/23/2014 16:00:00	1.99
12/24/2014 16:00:00	2.0
12/26/2014 16:00:00	2.04
12/29/2014 16:00:00	2.04
12/30/2014 16:00:00	2.0
12/31/2014 16:00:00	1.93
1/2/2015 16:00:00	1.92
1/5/2015 16:00:00	1.83
1/6/2015 16:00:00	1.76
1/7/2015 16:00:00	1.83
1/8/2015 16:00:00	1.93
1/9/2015 16:00:00	1.89
1/12/2015 16:00:00	1.83
1/13/2015 16:00:00	1.83
1/14/2015 16:00:00	1.8
1/15/2015 16:00:00	1.73
1/16/2015 16:00:00	1.79
1/20/2015 16:00:00	1.83
1/21/2015 16:00:00	1.86
1/22/2015 16:00:00	1.97
1/23/2015 16:00:00	1.98
1/26/2015 16:00:00	1.98
1/27/2015 16:00:00	1.82
1/28/2015 16:00:00	1.79
1/29/2015 16:00:00	1.84
1/30/2015 16:00:00	1.8
2/2/2015 16:00:00	1.85
2/3/2015 16:00:00	1.9
2/4/2015 16:00:00	1.89
2/5/2015 16:00:00	1.94
2/6/2015 16:00:00	1.91
2/9/2015 16:00:00	1.89
2/10/2015 16:00:00	1.98
2/11/2015 16:00:00	2.0
2/12/2015 16:00:00	2.07
2/13/2015 16:00:00	2.12
2/17/2015 16:00:00	2.13
2/18/2015 16:00:00	2.14
2/19/2015 16:00:00	2.17
2/20/2015 16:00:00	2.21
2/23/2015 16:00:00	2.22
2/24/2015 16:00:00	2.22
2/25/2015 16:00:00	2.21
2/26/2015 16:00:00	2.24
2/27/2015 16:00:00	2.21
3/2/2015 16:00:00	2.27
3/3/2015 16:00:00	2.24
3/4/2015 16:00:00	2.21
3/5/2015 16:00:00	2.22
3/6/2015 16:00:00	2.15
3/9/2015 16:00:00	2.17
3/10/2015 16:00:00	2.05
3/11/2015 16:00:00	2.01
3/12/2015 16:00:00	2.05
3/13/2015 16:00:00	2.02
3/16/2015 16:00:00	2.1
3/17/2015 16:00:00	2.11
3/18/2015 16:00:00	2.17
3/19/2015 16:00:00	2.18
3/20/2015 16:00:00	2.23
3/23/2015 16:00:00	2.21
3/24/2015 16:00:00	2.19
3/25/2015 16:00:00	2.03
3/26/2015 16:00:00	2.02
3/27/2015 16:00:00	2.04
3/30/2015 16:00:00	2.11
3/31/2015 16:00:00	2.05
4/1/2015 16:00:00	2.01
4/2/2015 16:00:00	2.01
4/6/2015 16:00:00	2.06
4/7/2015 16:00:00	2.05
4/8/2015 16:00:00	2.1
4/9/2015 16:00:00	2.14
4/10/2015 16:00:00	2.17
4/13/2015 16:00:00	2.15
4/14/2015 16:00:00	2.13
4/15/2015 16:00:00	2.17
4/16/2015 16:00:00	2.16
4/17/2015 16:00:00	2.06
4/20/2015 16:00:00	2.15
4/21/2015 16:00:00	2.18
4/22/2015 16:00:00	2.22
4/23/2015 16:00:00	2.24
4/24/2015 16:00:00	2.33
4/27/2015 16:00:00	2.32
4/28/2015 16:00:00	2.3
4/29/2015 16:00:00	2.26
4/30/2015 16:00:00	2.15
5/1/2015 16:00:00	2.24
5/4/2015 16:00:00	2.25
5/5/2015 16:00:00	2.14
5/6/2015 16:00:00	2.09
5/7/2015 16:00:00	2.13
5/8/2015 16:00:00	2.21
5/11/2015 16:00:00	2.18
5/12/2015 16:00:00	2.15
5/13/2015 16:00:00	2.17
5/14/2015 16:00:00	2.26
5/15/2015 16:00:00	2.26
5/18/2015 16:00:00	2.29
5/19/2015 16:00:00	2.28
5/20/2015 16:00:00	2.29
5/21/2015 16:00:00	2.32
5/22/2015 16:00:00	2.32
5/26/2015 16:00:00	2.24
5/27/2015 16:00:00	2.34
5/28/2015 16:00:00	2.33
5/29/2015 16:00:00	2.29
6/1/2015 16:00:00	2.31
6/2/2015 16:00:00	2.29
6/3/2015 16:00:00	2.31
6/4/2015 16:00:00	2.26
6/5/2015 16:00:00	2.24
6/8/2015 16:00:00	2.17
6/9/2015 16:00:00	2.16
6/10/2015 16:00:00	2.25
6/11/2015 16:00:00	2.26
6/12/2015 16:00:00	2.2
6/15/2015 16:00:00	2.17
6/16/2015 16:00:00	2.2
6/17/2015 16:00:00	2.22
6/18/2015 16:00:00	2.32
6/19/2015 16:00:00	2.28
6/22/2015 16:00:00	2.34
6/23/2015 16:00:00	2.34
6/24/2015 16:00:00	2.3
6/25/2015 16:00:00	2.29
6/26/2015 16:00:00	2.25
6/29/2015 16:00:00	2.09
6/30/2015 16:00:00	2.11
7/1/2015 16:00:00	2.16
7/2/2015 16:00:00	2.16
7/6/2015 16:00:00	2.15
7/7/2015 16:00:00	2.16
7/8/2015 16:00:00	2.05
7/9/2015 16:00:00	2.04
7/10/2015 16:00:00	2.14
7/13/2015 16:00:00	2.25
7/14/2015 16:00:00	2.29
7/15/2015 16:00:00	2.3
7/16/2015 16:00:00	2.39
7/17/2015 16:00:00	2.5
7/20/2015 16:00:00	2.53
7/21/2015 16:00:00	2.52
7/22/2015 16:00:00	2.44
7/23/2015 16:00:00	2.41
7/24/2015 16:00:00	2.34
7/27/2015 16:00:00	2.28
7/28/2015 16:00:00	2.34
7/29/2015 16:00:00	2.37
7/30/2015 16:00:00	2.4
7/31/2015 16:00:00	2.39
8/3/2015 16:00:00	2.37
8/4/2015 16:00:00	2.36
8/5/2015 16:00:00	2.41
8/6/2015 16:00:00	2.3
8/7/2015 16:00:00	2.29
8/10/2015 16:00:00	2.36
8/11/2015 16:00:00	2.27
8/12/2015 16:00:00	2.29
8/13/2015 16:00:00	2.28
8/14/2015 16:00:00	2.3
8/17/2015 16:00:00	2.35
8/18/2015 16:00:00	2.32
8/19/2015 16:00:00	2.27
8/20/2015 16:00:00	2.08
8/21/2015 16:00:00	1.83
8/24/2015 16:00:00	1.61
8/25/2015 16:00:00	1.59
8/26/2015 16:00:00	1.82
8/27/2015 16:00:00	1.96
8/28/2015 16:00:00	1.96
8/31/2015 16:00:00	1.88
9/1/2015 16:00:00	1.71
9/2/2015 16:00:00	1.85
9/3/2015 16:00:00	1.82
9/4/2015 16:00:00	1.76
9/8/2015 16:00:00	1.91
9/9/2015 16:00:00	1.84
9/10/2015 16:00:00	1.9
9/11/2015 16:00:00	1.93
9/14/2015 16:00:00	1.92
9/15/2015 16:00:00	1.98
9/16/2015 16:00:00	2.02
9/17/2015 16:00:00	2.02
9/18/2015 16:00:00	1.94
9/21/2015 16:00:00	1.95
9/22/2015 16:00:00	1.87
9/23/2015 16:00:00	1.87
9/24/2015 16:00:00	1.85
9/25/2015 16:00:00	1.8
9/28/2015 16:00:00	1.65
9/29/2015 16:00:00	1.62
9/30/2015 16:00:00	1.73
10/1/2015 16:00:00	1.76
10/2/2015 16:00:00	1.85
10/5/2015 16:00:00	1.93
10/6/2015 16:00:00	1.9
10/7/2015 16:00:00	1.93
10/8/2015 16:00:00	1.96
10/9/2015 16:00:00	1.98
10/12/2015 16:00:00	2.0
10/13/2015 16:00:00	1.96
10/14/2015 16:00:00	1.95
10/15/2015 16:00:00	2.05
10/16/2015 16:00:00	2.07
10/19/2015 16:00:00	2.11
10/20/2015 16:00:00	2.07
10/21/2015 16:00:00	2.04
10/22/2015 16:00:00	2.16
10/23/2015 16:00:00	2.34
10/26/2015 16:00:00	2.35
10/27/2015 16:00:00	2.36
10/28/2015 16:00:00	2.42
10/29/2015 16:00:00	2.41
10/30/2015 16:00:00	2.38
11/2/2015 16:00:00	2.46
11/3/2015 16:00:00	2.48
11/4/2015 16:00:00	2.48
11/5/2015 16:00:00	2.46
11/6/2015 16:00:00	2.47
11/9/2015 16:00:00	2.39
11/10/2015 16:00:00	2.37
11/11/2015 16:00:00	2.36
11/12/2015 16:00:00	2.29
11/13/2015 16:00:00	2.16
11/16/2015 16:00:00	2.25
11/17/2015 16:00:00	2.26
11/18/2015 16:00:00	2.38
11/19/2015 16:00:00	2.39
11/20/2015 16:00:00	2.44
11/23/2015 16:00:00	2.42
11/24/2015 16:00:00	2.41
11/25/2015 16:00:00	2.41
11/27/2015 16:00:00	2.42
11/30/2015 16:00:00	2.41
12/1/2015 16:00:00	2.48
12/2/2015 16:00:00	2.43
12/3/2015 16:00:00	2.31
12/4/2015 16:00:00	2.47
12/7/2015 16:00:00	2.44
12/8/2015 16:00:00	2.44
12/9/2015 16:00:00	2.32
12/10/2015 16:00:00	2.36
12/11/2015 16:00:00	2.2
12/14/2015 16:00:00	2.25
12/15/2015 16:00:00	2.28
12/16/2015 16:00:00	2.38
12/17/2015 16:00:00	2.28
12/18/2015 16:00:00	2.16
12/21/2015 16:00:00	2.22
12/22/2015 16:00:00	2.27
12/23/2015 16:00:00	2.32
12/24/2015 16:00:00	2.31
12/28/2015 16:00:00	2.31
12/29/2015 16:00:00	2.42
12/30/2015 16:00:00	2.36
12/31/2015 16:00:00	2.27
1/4/2016 16:00:00	2.13
1/5/2016 16:00:00	2.11
1/6/2016 16:00:00	2.05
1/7/2016 16:00:00	1.86
1/8/2016 16:00:00	1.81
1/11/2016 16:00:00	1.83
1/12/2016 16:00:00	1.89
1/13/2016 16:00:00	1.69
1/14/2016 16:00:00	1.8
1/15/2016 16:00:00	1.64
1/19/2016 16:00:00	1.65
1/20/2016 16:00:00	1.63
1/21/2016 16:00:00	1.64
1/22/2016 16:00:00	1.78
1/25/2016 16:00:00	1.7
1/26/2016 16:00:00	1.75
1/27/2016 16:00:00	1.62
1/28/2016 16:00:00	1.68
1/29/2016 16:00:00	1.79
2/1/2016 16:00:00	1.8
2/2/2016 16:00:00	1.68
2/3/2016 16:00:00	1.66
2/4/2016 16:00:00	1.66
2/5/2016 16:00:00	1.49
2/8/2016 16:00:00	1.42
2/9/2016 16:00:00	1.4
2/10/2016 16:00:00	1.42
2/11/2016 16:00:00	1.42
2/12/2016 16:00:00	1.48
2/16/2016 16:00:00	1.58
2/17/2016 16:00:00	1.68
2/18/2016 16:00:00	1.63
2/19/2016 16:00:00	1.64
2/22/2016 16:00:00	1.72
2/23/2016 16:00:00	1.64
2/24/2016 16:00:00	1.68
2/25/2016 16:00:00	1.73
2/26/2016 16:00:00	1.73
2/29/2016 16:00:00	1.68
3/1/2016 16:00:00	1.84
3/2/2016 16:00:00	1.84
3/3/2016 16:00:00	1.83
3/4/2016 16:00:00	1.84
3/7/2016 16:00:00	1.8
3/8/2016 16:00:00	1.75
3/9/2016 16:00:00	1.79
3/10/2016 16:00:00	1.78
3/11/2016 16:00:00	1.87
3/14/2016 16:00:00	1.88
3/15/2016 16:00:00	1.88
3/16/2016 16:00:00	1.93
3/17/2016 16:00:00	1.93
3/18/2016 16:00:00	1.94
3/21/2016 16:00:00	1.96
3/22/2016 16:00:00	1.98
3/23/2016 16:00:00	1.93
3/24/2016 16:00:00	1.93
3/28/2016 16:00:00	1.92
3/29/2016 16:00:00	2.02
3/30/2016 16:00:00	2.05
3/31/2016 16:00:00	2.03
4/1/2016 16:00:00	2.1
4/4/2016 16:00:00	2.08
4/5/2016 16:00:00	2.02
4/6/2016 16:00:00	2.12
4/7/2016 16:00:00	2.02
4/8/2016 16:00:00	2.02
4/11/2016 16:00:00	2.0
4/12/2016 16:00:00	2.04
4/13/2016 16:00:00	2.12
4/14/2016 16:00:00	2.13
4/15/2016 16:00:00	2.11
4/18/2016 16:00:00	2.14
4/19/2016 16:00:00	2.1
4/20/2016 16:00:00	2.11
4/21/2016 16:00:00	2.11
4/22/2016 16:00:00	2.01
4/25/2016 16:00:00	2.01
4/26/2016 16:00:00	1.99
4/27/2016 16:00:00	1.94
4/28/2016 16:00:00	1.87
4/29/2016 16:00:00	1.84
5/2/2016 16:00:00	1.89
5/3/2016 16:00:00	1.84
5/4/2016 16:00:00	1.8
5/5/2016 16:00:00	1.8
5/6/2016 16:00:00	1.83
5/9/2016 16:00:00	1.84
5/10/2016 16:00:00	1.92
5/11/2016 16:00:00	1.87
5/12/2016 16:00:00	1.84
5/13/2016 16:00:00	1.82
5/16/2016 16:00:00	1.89
5/17/2016 16:00:00	1.82
5/18/2016 16:00:00	1.84
5/19/2016 16:00:00	1.81
5/20/2016 16:00:00	1.87
5/23/2016 16:00:00	1.86
5/24/2016 16:00:00	1.97
5/25/2016 16:00:00	2.02
5/26/2016 16:00:00	2.03
5/27/2016 16:00:00	2.06
5/31/2016 16:00:00	2.08
6/1/2016 16:00:00	2.08
6/2/2016 16:00:00	2.09
6/3/2016 16:00:00	2.06
6/6/2016 16:00:00	2.08
6/7/2016 16:00:00	2.07
6/8/2016 16:00:00	2.08
6/9/2016 16:00:00	2.07
6/10/2016 16:00:00	2.0
6/13/2016 16:00:00	1.95
6/14/2016 16:00:00	1.95
6/15/2016 16:00:00	1.93
6/16/2016 16:00:00	1.94
6/17/2016 16:00:00	1.88
6/20/2016 16:00:00	1.91
6/21/2016 16:00:00	1.93
6/22/2016 16:00:00	1.92
6/23/2016 16:00:00	2.0
6/24/2016 16:00:00	1.75
6/27/2016 16:00:00	1.65
6/28/2016 16:00:00	1.75
6/29/2016 16:00:00	1.85
6/30/2016 16:00:00	1.91
7/1/2016 16:00:00	1.94
7/5/2016 16:00:00	1.9
7/6/2016 16:00:00	1.95
7/7/2016 16:00:00	1.97
7/8/2016 16:00:00	2.06
7/11/2016 16:00:00	2.09
7/12/2016 16:00:00	2.13
7/13/2016 16:00:00	2.11
7/14/2016 16:00:00	2.15
7/15/2016 16:00:00	2.14
7/18/2016 16:00:00	2.19
7/19/2016 16:00:00	2.16
7/20/2016 16:00:00	2.24
7/21/2016 16:00:00	2.22
7/22/2016 16:00:00	2.25
7/25/2016 16:00:00	2.25
7/26/2016 16:00:00	2.26
7/27/2016 16:00:00	2.3
7/28/2016 16:00:00	2.33
7/29/2016 16:00:00	2.34
8/1/2016 16:00:00	2.38
8/2/2016 16:00:00	2.33
8/3/2016 16:00:00	2.35
8/4/2016 16:00:00	2.37
8/5/2016 16:00:00	2.44
8/8/2016 16:00:00	2.43
8/9/2016 16:00:00	2.45
8/10/2016 16:00:00	2.43
8/11/2016 16:00:00	2.46
8/12/2016 16:00:00	2.46
8/15/2016 16:00:00	2.49
8/16/2016 16:00:00	2.46
8/17/2016 16:00:00	2.47
8/18/2016 16:00:00	2.47
8/19/2016 16:00:00	2.47
8/22/2016 16:00:00	2.47
8/23/2016 16:00:00	2.48
8/24/2016 16:00:00	2.43
8/25/2016 16:00:00	2.42
8/26/2016 16:00:00	2.44
8/29/2016 16:00:00	2.44
8/30/2016 16:00:00	2.42
8/31/2016 16:00:00	2.41
9/1/2016 16:00:00	2.42
9/2/2016 16:00:00	2.45
9/6/2016 16:00:00	2.5
9/7/2016 16:00:00	2.5
9/8/2016 16:00:00	2.46
9/9/2016 16:00:00	2.27
9/12/2016 16:00:00	2.39
9/13/2016 16:00:00	2.33
9/14/2016 16:00:00	2.36
9/15/2016 16:00:00	2.47
9/16/2016 16:00:00	2.47
9/19/2016 16:00:00	2.44
9/20/2016 16:00:00	2.45
9/21/2016 16:00:00	2.52
9/22/2016 16:00:00	2.58
9/23/2016 16:00:00	2.54
9/26/2016 16:00:00	2.47
9/27/2016 16:00:00	2.54
9/28/2016 16:00:00	2.56
9/29/2016 16:00:00	2.5
9/30/2016 16:00:00	2.55
10/3/2016 16:00:00	2.55
10/4/2016 16:00:00	2.53
10/5/2016 16:00:00	2.56
10/6/2016 16:00:00	2.56
10/7/2016 16:00:00	2.54
10/10/2016 16:00:00	2.58
10/11/2016 16:00:00	2.48
10/12/2016 16:00:00	2.47
10/13/2016 16:00:00	2.44
10/14/2016 16:00:00	2.45
10/17/2016 16:00:00	2.43
10/18/2016 16:00:00	2.49
10/19/2016 16:00:00	2.5
10/20/2016 16:00:00	2.48
10/21/2016 16:00:00	2.51
10/24/2016 16:00:00	2.6
10/25/2016 16:00:00	2.58
10/26/2016 16:00:00	2.53
10/27/2016 16:00:00	2.49
10/28/2016 16:00:00	2.45
10/31/2016 16:00:00	2.44
11/1/2016 16:00:00	2.39
11/2/2016 16:00:00	2.32
11/3/2016 16:00:00	2.26
11/4/2016 16:00:00	2.23
11/7/2016 16:00:00	2.39
11/8/2016 16:00:00	2.44
11/9/2016 16:00:00	2.47
11/10/2016 16:00:00	2.35
11/11/2016 16:00:00	2.35
11/14/2016 16:00:00	2.27
11/15/2016 16:00:00	2.38
11/16/2016 16:00:00	2.42
11/17/2016 16:00:00	2.47
11/18/2016 16:00:00	2.45
11/21/2016 16:00:00	2.52
11/22/2016 16:00:00	2.54
11/23/2016 16:00:00	2.51
11/25/2016 16:00:00	2.53
11/28/2016 16:00:00	2.52
11/29/2016 16:00:00	2.54
11/30/2016 16:00:00	2.46
12/1/2016 16:00:00	2.33
12/2/2016 16:00:00	2.34
12/5/2016 16:00:00	2.39
12/6/2016 16:00:00	2.41
12/7/2016 16:00:00	2.5
12/8/2016 16:00:00	2.51
12/9/2016 16:00:00	2.57
12/12/2016 16:00:00	2.54
12/13/2016 16:00:00	2.63
12/14/2016 16:00:00	2.62
12/15/2016 16:00:00	2.63
12/16/2016 16:00:00	2.6
12/19/2016 16:00:00	2.63
12/20/2016 16:00:00	2.66
12/21/2016 16:00:00	2.65
12/22/2016 16:00:00	2.63
12/23/2016 16:00:00	2.64
12/27/2016 16:00:00	2.68
12/28/2016 16:00:00	2.62
12/29/2016 16:00:00	2.6
12/30/2016 16:00:00	2.53
1/3/2017 16:00:00	2.59
1/4/2017 16:00:00	2.63
1/5/2017 16:00:00	2.68
1/6/2017 16:00:00	2.75
1/9/2017 16:00:00	2.77
1/10/2017 16:00:00	2.79
1/11/2017 16:00:00	2.81
1/12/2017 16:00:00	2.8
1/13/2017 16:00:00	2.83
1/17/2017 16:00:00	2.8
1/18/2017 16:00:00	2.82
1/19/2017 16:00:00	2.81
1/20/2017 16:00:00	2.83
1/23/2017 16:00:00	2.84
1/24/2017 16:00:00	2.9
1/25/2017 16:00:00	2.98
1/26/2017 16:00:00	2.99
1/27/2017 16:00:00	3.01
1/30/2017 16:00:00	2.94
1/31/2017 16:00:00	2.92
2/1/2017 16:00:00	2.98
2/2/2017 16:00:00	2.97
2/3/2017 16:00:00	3.0
2/6/2017 16:00:00	3.01
2/7/2017 16:00:00	3.04
2/8/2017 16:00:00	3.06
2/9/2017 16:00:00	3.09
2/10/2017 16:00:00	3.12
2/13/2017 16:00:00	3.17
2/14/2017 16:00:00	3.2
2/15/2017 16:00:00	3.26
2/16/2017 16:00:00	3.26
2/17/2017 16:00:00	3.3
2/21/2017 16:00:00	3.35
2/22/2017 16:00:00	3.35
2/23/2017 16:00:00	3.31
2/24/2017 16:00:00	3.33
2/27/2017 16:00:00	3.34
2/28/2017 16:00:00	3.32
3/1/2017 16:00:00	3.42
3/2/2017 16:00:00	3.37
3/3/2017 16:00:00	3.39
3/6/2017 16:00:00	3.36
3/7/2017 16:00:00	3.35
3/8/2017 16:00:00	3.36
3/9/2017 16:00:00	3.37
3/10/2017 16:00:00	3.41
3/13/2017 16:00:00	3.43
3/14/2017 16:00:00	3.41
3/15/2017 16:00:00	3.47
3/16/2017 16:00:00	3.46
3/17/2017 16:00:00	3.45
3/20/2017 16:00:00	3.47
3/21/2017 16:00:00	3.31
3/22/2017 16:00:00	3.38
3/23/2017 16:00:00	3.35
3/24/2017 16:00:00	3.37
3/27/2017 16:00:00	3.38
3/28/2017 16:00:00	3.45
3/29/2017 16:00:00	3.49
3/30/2017 16:00:00	3.51
3/31/2017 16:00:00	3.5
4/3/2017 16:00:00	3.5
4/4/2017 16:00:00	3.51
4/5/2017 16:00:00	3.47
4/6/2017 16:00:00	3.47
4/7/2017 16:00:00	3.47
4/10/2017 16:00:00	3.47
4/11/2017 16:00:00	3.43
4/12/2017 16:00:00	3.39
4/13/2017 16:00:00	3.35
4/17/2017 16:00:00	3.42
4/18/2017 16:00:00	3.41
4/19/2017 16:00:00	3.43
4/20/2017 16:00:00	3.51
4/21/2017 16:00:00	3.51
4/24/2017 16:00:00	3.64
4/25/2017 16:00:00	3.72
4/26/2017 16:00:00	3.7
4/27/2017 16:00:00	3.76
4/28/2017 16:00:00	3.79
5/1/2017 16:00:00	3.88
5/2/2017 16:00:00	3.9
5/3/2017 16:00:00	3.87
5/4/2017 16:00:00	3.87
5/5/2017 16:00:00	3.91
5/8/2017 16:00:00	3.94
5/9/2017 16:00:00	3.98
5/10/2017 16:00:00	3.98
5/11/2017 16:00:00	3.98
5/12/2017 16:00:00	4.0
5/15/2017 16:00:00	4.04
5/16/2017 16:00:00	4.09
5/17/2017 16:00:00	3.78
5/18/2017 16:00:00	3.88
5/19/2017 16:00:00	3.92
5/22/2017 16:00:00	4.02
5/23/2017 16:00:00	4.03
5/24/2017 16:00:00	4.09
5/25/2017 16:00:00	4.2
5/26/2017 16:00:00	4.22
5/30/2017 16:00:00	4.22
5/31/2017 16:00:00	4.22
6/1/2017 16:00:00	4.27
6/2/2017 16:00:00	4.42
6/5/2017 16:00:00	4.41
6/6/2017 16:00:00	4.36
6/7/2017 16:00:00	4.41
6/8/2017 16:00:00	4.42
6/9/2017 16:00:00	4.1
6/12/2017 16:00:00	4.03
6/13/2017 16:00:00	4.12
6/14/2017 16:00:00	4.07
6/15/2017 16:00:00	4.01
6/16/2017 16:00:00	3.96
6/19/2017 16:00:00	4.15
6/20/2017 16:00:00	4.06
6/21/2017 16:00:00	4.18
6/22/2017 16:00:00	4.17
6/23/2017 16:00:00	4.22
6/26/2017 16:00:00	4.16
6/27/2017 16:00:00	3.94
6/28/2017 16:00:00	4.1
6/29/2017 16:00:00	3.89
6/30/2017 16:00:00	3.88
7/3/2017 16:00:00	3.77
7/5/2017 16:00:00	3.88
7/6/2017 16:00:00	3.78
7/7/2017 16:00:00	3.89
7/10/2017 16:00:00	3.97
7/11/2017 16:00:00	4.01
7/12/2017 16:00:00	4.15
7/13/2017 16:00:00	4.18
7/14/2017 16:00:00	4.27
7/17/2017 16:00:00	4.28
7/18/2017 16:00:00	4.36
7/19/2017 16:00:00	4.44
7/20/2017 16:00:00	4.46
7/21/2017 16:00:00	4.45
7/24/2017 16:00:00	4.51
7/25/2017 16:00:00	4.48
7/26/2017 16:00:00	4.52
7/27/2017 16:00:00	4.44
7/28/2017 16:00:00	4.42
7/31/2017 16:00:00	4.37
8/1/2017 16:00:00	4.39
8/2/2017 16:00:00	4.43
8/3/2017 16:00:00	4.38
8/4/2017 16:00:00	4.4
8/7/2017 16:00:00	4.48
8/8/2017 16:00:00	4.46
8/9/2017 16:00:00	4.44
8/10/2017 16:00:00	4.15
8/11/2017 16:00:00	4.25
8/14/2017 16:00:00	4.41
8/15/2017 16:00:00	4.42
8/16/2017 16:00:00	4.44
8/17/2017 16:00:00	4.17
8/18/2017 16:00:00	4.16
8/21/2017 16:00:00	4.15
8/22/2017 16:00:00	4.33
8/23/2017 16:00:00	4.28
8/24/2017 16:00:00	4.25
8/25/2017 16:00:00	4.22
8/28/2017 16:00:00	4.26
8/29/2017 16:00:00	4.31
8/30/2017 16:00:00	4.46
8/31/2017 16:00:00	4.59
9/1/2017 16:00:00	4.58
9/5/2017 16:00:00	4.46
9/6/2017 16:00:00	4.5
9/7/2017 16:00:00	4.53
9/8/2017 16:00:00	4.41
9/11/2017 16:00:00	4.56
9/12/2017 16:00:00	4.59
9/13/2017 16:00:00	4.61
9/14/2017 16:00:00	4.54
9/15/2017 16:00:00	4.57
9/18/2017 16:00:00	4.56
9/19/2017 16:00:00	4.58
9/20/2017 16:00:00	4.54
9/21/2017 16:00:00	4.45
9/22/2017 16:00:00	4.44
9/25/2017 16:00:00	4.3
9/26/2017 16:00:00	4.33
9/27/2017 16:00:00	4.45
9/28/2017 16:00:00	4.44
9/29/2017 16:00:00	4.54
10/2/2017 16:00:00	4.55
10/3/2017 16:00:00	4.58
10/4/2017 16:00:00	4.59
10/5/2017 16:00:00	4.72
10/6/2017 16:00:00	4.74
10/9/2017 16:00:00	4.73
10/10/2017 16:00:00	4.74
10/11/2017 16:00:00	4.78
10/12/2017 16:00:00	4.75
10/13/2017 16:00:00	4.81
10/16/2017 16:00:00	4.86
10/17/2017 16:00:00	4.87
10/18/2017 16:00:00	4.85
10/19/2017 16:00:00	4.8
10/20/2017 16:00:00	4.84
10/23/2017 16:00:00	4.75
10/24/2017 16:00:00	4.77
10/25/2017 16:00:00	4.71
10/26/2017 16:00:00	4.67
10/27/2017 16:00:00	5.07
10/30/2017 16:00:00	5.11
10/31/2017 16:00:00	5.16
11/1/2017 16:00:00	5.15
11/2/2017 16:00:00	5.13
11/3/2017 16:00:00	5.27
11/6/2017 16:00:00	5.32
11/7/2017 16:00:00	5.33
11/8/2017 16:00:00	5.4
11/9/2017 16:00:00	5.31
11/10/2017 16:00:00	5.31
11/13/2017 16:00:00	5.33
11/14/2017 16:00:00	5.27
11/15/2017 16:00:00	5.2
11/16/2017 16:00:00	5.39
11/17/2017 16:00:00	5.33
11/20/2017 16:00:00	5.32
11/21/2017 16:00:00	5.49
11/22/2017 16:00:00	5.51
11/24/2017 16:00:00	5.57
11/27/2017 16:00:00	5.56
11/28/2017 16:00:00	5.6
11/29/2017 16:00:00	5.31
11/30/2017 16:00:00	5.44
12/1/2017 16:00:00	5.37
12/4/2017 16:00:00	5.19
12/5/2017 16:00:00	5.19
12/6/2017 16:00:00	5.26
12/7/2017 16:00:00	5.32
12/8/2017 16:00:00	5.39
12/11/2017 16:00:00	5.51
12/12/2017 16:00:00	5.49
12/13/2017 16:00:00	5.52
12/14/2017 16:00:00	5.51
12/15/2017 16:00:00	5.69
12/18/2017 16:00:00	5.83
12/19/2017 16:00:00	5.74
12/20/2017 16:00:00	5.71
12/21/2017 16:00:00	5.71
12/22/2017 16:00:00	5.69
12/26/2017 16:00:00	5.6
12/27/2017 16:00:00	5.6
12/28/2017 16:00:00	5.62
12/29/2017 16:00:00	5.51
1/2/2018 16:00:00	5.79
1/3/2018 16:00:00	5.96
1/4/2018 16:00:00	6.0
1/5/2018 16:00:00	6.18
1/8/2018 16:00:00	6.25
1/9/2018 16:00:00	6.25
1/10/2018 16:00:00	6.21
1/11/2018 16:00:00	6.33
1/12/2018 16:00:00	6.47
1/16/2018 16:00:00	6.42
1/17/2018 16:00:00	6.62
1/18/2018 16:00:00	6.62
1/19/2018 16:00:00	6.69
1/22/2018 16:00:00	6.9
1/23/2018 16:00:00	7.07
1/24/2018 16:00:00	6.93
1/25/2018 16:00:00	6.92
1/26/2018 16:00:00	7.23
1/29/2018 16:00:00	7.13
1/30/2018 16:00:00	6.95
1/31/2018 16:00:00	7.04
2/1/2018 16:00:00	6.86
2/2/2018 16:00:00	6.44
2/5/2018 16:00:00	5.7
2/6/2018 16:00:00	6.14
2/7/2018 16:00:00	5.89
2/8/2018 16:00:00	5.16
2/9/2018 16:00:00	5.41
2/12/2018 16:00:00	5.71
2/13/2018 16:00:00	5.78
2/14/2018 16:00:00	6.12
2/15/2018 16:00:00	6.44
2/16/2018 16:00:00	6.36
2/20/2018 16:00:00	6.4
2/21/2018 16:00:00	6.34
2/22/2018 16:00:00	6.34
2/23/2018 16:00:00	6.72
2/26/2018 16:00:00	6.99
2/27/2018 16:00:00	6.74
2/28/2018 16:00:00	6.6
3/1/2018 16:00:00	6.28
3/2/2018 16:00:00	6.46
3/5/2018 16:00:00	6.66
3/6/2018 16:00:00	6.74
3/7/2018 16:00:00	6.79
3/8/2018 16:00:00	6.9
3/9/2018 16:00:00	7.3
3/12/2018 16:00:00	7.41
3/13/2018 16:00:00	7.14
3/14/2018 16:00:00	7.11
3/15/2018 16:00:00	7.08
3/16/2018 16:00:00	7.03
3/19/2018 16:00:00	6.59
3/20/2018 16:00:00	6.64
3/21/2018 16:00:00	6.55
3/22/2018 16:00:00	6.07
3/23/2018 16:00:00	5.58
3/26/2018 16:00:00	6.2
3/27/2018 16:00:00	5.61
3/28/2018 16:00:00	5.42
3/29/2018 16:00:00	5.72
4/2/2018 16:00:00	5.21
4/3/2018 16:00:00	5.38
4/4/2018 16:00:00	5.64
4/5/2018 16:00:00	5.73
4/6/2018 16:00:00	5.3
4/9/2018 16:00:00	5.4
4/10/2018 16:00:00	5.76
4/11/2018 16:00:00	5.66
4/12/2018 16:00:00	5.86
4/13/2018 16:00:00	5.78
4/16/2018 16:00:00	5.9
4/17/2018 16:00:00	6.28
4/18/2018 16:00:00	6.33
4/19/2018 16:00:00	6.15
4/20/2018 16:00:00	5.86
4/23/2018 16:00:00	5.81
4/24/2018 16:00:00	5.44
4/25/2018 16:00:00	5.46
4/26/2018 16:00:00	5.8
4/27/2018 16:00:00	5.82
4/30/2018 16:00:00	5.69
5/1/2018 16:00:00	5.88
5/2/2018 16:00:00	5.77
5/3/2018 16:00:00	5.77
5/4/2018 16:00:00	6.1
5/7/2018 16:00:00	6.24
5/8/2018 16:00:00	6.22
5/9/2018 16:00:00	6.43
5/10/2018 16:00:00	6.63
5/11/2018 16:00:00	6.61
5/14/2018 16:00:00	6.64
5/15/2018 16:00:00	6.43
5/16/2018 16:00:00	6.55
5/17/2018 16:00:00	6.47
5/18/2018 16:00:00	6.37
5/21/2018 16:00:00	6.48
5/22/2018 16:00:00	6.45
5/23/2018 16:00:00	6.61
5/24/2018 16:00:00	6.6
5/25/2018 16:00:00	6.62
5/29/2018 16:00:00	6.53
5/30/2018 16:00:00	6.67
5/31/2018 16:00:00	6.66
6/1/2018 16:00:00	6.97
6/4/2018 16:00:00	7.15
6/5/2018 16:00:00	7.22
6/6/2018 16:00:00	7.34
6/7/2018 16:00:00	7.17
6/8/2018 16:00:00	7.17
6/11/2018 16:00:00	7.22
6/12/2018 16:00:00	7.34
6/13/2018 16:00:00	7.33
6/14/2018 16:00:00	7.55
6/15/2018 16:00:00	7.48
6/18/2018 16:00:00	7.46
6/19/2018 16:00:00	7.39
6/20/2018 16:00:00	7.55
6/21/2018 16:00:00	7.35
6/22/2018 16:00:00	7.28
6/25/2018 16:00:00	6.81
6/26/2018 16:00:00	6.89
6/27/2018 16:00:00	6.61
6/28/2018 16:00:00	6.77
6/29/2018 16:00:00	6.8
7/2/2018 16:00:00	6.96
7/3/2018 16:00:00	6.72
7/5/2018 16:00:00	6.96
7/6/2018 16:00:00	7.28
7/9/2018 16:00:00	7.48
7/10/2018 16:00:00	7.5
7/11/2018 16:00:00	7.39
7/12/2018 16:00:00	7.75
7/13/2018 16:00:00	7.78
7/16/2018 16:00:00	7.72
7/17/2018 16:00:00	7.87
7/18/2018 16:00:00	7.82
7/19/2018 16:00:00	7.7
7/20/2018 16:00:00	7.69
7/23/2018 16:00:00	7.76
7/24/2018 16:00:00	7.86
7/25/2018 16:00:00	8.18
7/26/2018 16:00:00	7.83
7/27/2018 16:00:00	7.5
7/30/2018 16:00:00	7.18
7/31/2018 16:00:00	7.32
8/1/2018 16:00:00	7.42
8/2/2018 16:00:00	7.71
8/3/2018 16:00:00	7.78
8/6/2018 16:00:00	7.93
8/7/2018 16:00:00	8.0
8/8/2018 16:00:00	8.03
8/9/2018 16:00:00	8.02
8/10/2018 16:00:00	7.83
8/13/2018 16:00:00	7.81
8/14/2018 16:00:00	7.95
8/15/2018 16:00:00	7.66
8/16/2018 16:00:00	7.73
8/17/2018 16:00:00	7.73
8/20/2018 16:00:00	7.72
8/21/2018 16:00:00	7.8
8/22/2018 16:00:00	7.89
8/23/2018 16:00:00	7.85
8/24/2018 16:00:00	8.07
8/27/2018 16:00:00	8.31
8/28/2018 16:00:00	8.35
8/29/2018 16:00:00	8.64
8/30/2018 16:00:00	8.59
8/31/2018 16:00:00	8.61
9/4/2018 16:00:00	8.51
9/5/2018 16:00:00	8.17
9/6/2018 16:00:00	7.95
9/7/2018 16:00:00	7.87
9/10/2018 16:00:00	7.94
9/11/2018 16:00:00	8.12
9/12/2018 16:00:00	8.05
9/13/2018 16:00:00	8.29
9/14/2018 16:00:00	8.22
9/17/2018 16:00:00	7.88
9/18/2018 16:00:00	8.06
9/19/2018 16:00:00	8.04
9/20/2018 16:00:00	8.3
9/21/2018 16:00:00	8.16
9/24/2018 16:00:00	8.24
9/25/2018 16:00:00	8.27
9/26/2018 16:00:00	8.26
9/27/2018 16:00:00	8.49
9/28/2018 16:00:00	8.48
10/1/2018 16:00:00	8.52
10/2/2018 16:00:00	8.48
10/3/2018 16:00:00	8.5
10/4/2018 16:00:00	8.02
10/5/2018 16:00:00	7.71
10/8/2018 16:00:00	7.58
10/9/2018 16:00:00	7.63
10/10/2018 16:00:00	6.64
10/11/2018 16:00:00	6.38
10/12/2018 16:00:00	6.91
10/15/2018 16:00:00	6.65
10/16/2018 16:00:00	7.23
10/17/2018 16:00:00	7.25
10/18/2018 16:00:00	6.75
10/19/2018 16:00:00	6.72
10/22/2018 16:00:00	6.82
10/23/2018 16:00:00	6.75
10/24/2018 16:00:00	5.83
10/25/2018 16:00:00	6.43
10/26/2018 16:00:00	5.93
10/29/2018 16:00:00	5.61
10/30/2018 16:00:00	5.83
10/31/2018 16:00:00	6.22
11/1/2018 16:00:00	6.49
11/2/2018 16:00:00	6.2
11/5/2018 16:00:00	6.14
11/6/2018 16:00:00	6.27
11/7/2018 16:00:00	6.85
11/8/2018 16:00:00	6.73
11/9/2018 16:00:00	6.39
11/12/2018 16:00:00	5.83
11/13/2018 16:00:00	5.82
11/14/2018 16:00:00	5.68
11/15/2018 16:00:00	5.98
11/16/2018 16:00:00	5.92
11/19/2018 16:00:00	5.35
11/20/2018 16:00:00	5.05
11/21/2018 16:00:00	5.16
11/23/2018 16:00:00	5.05
11/26/2018 16:00:00	5.4
11/27/2018 16:00:00	5.45
11/28/2018 16:00:00	5.97
11/29/2018 16:00:00	5.92
11/30/2018 16:00:00	6.04
12/3/2018 16:00:00	6.35
12/4/2018 16:00:00	5.65
12/6/2018 16:00:00	5.73
12/7/2018 16:00:00	5.17
12/10/2018 16:00:00	5.33
12/11/2018 16:00:00	5.39
12/12/2018 16:00:00	5.53
12/13/2018 16:00:00	5.53
12/14/2018 16:00:00	5.11
12/17/2018 16:00:00	4.78
12/18/2018 16:00:00	4.86
12/19/2018 16:00:00	4.51
12/20/2018 16:00:00	4.33
12/21/2018 16:00:00	3.91
12/24/2018 16:00:00	3.62
12/26/2018 16:00:00	4.28
12/27/2018 16:00:00	4.34
12/28/2018 16:00:00	4.32
12/31/2018 16:00:00	4.42
1/2/2019 16:00:00	4.48
1/3/2019 16:00:00	4.05
1/4/2019 16:00:00	4.57
1/7/2019 16:00:00	4.71
1/8/2019 16:00:00	4.85
1/9/2019 16:00:00	4.96
1/10/2019 16:00:00	5.01
1/11/2019 16:00:00	4.95
1/14/2019 16:00:00	4.82
1/15/2019 16:00:00	5.09
1/16/2019 16:00:00	5.1
1/17/2019 16:00:00	5.21
1/18/2019 16:00:00	5.36
1/22/2019 16:00:00	5.06
1/23/2019 16:00:00	5.07
1/24/2019 16:00:00	5.16
1/25/2019 16:00:00	5.34
1/28/2019 16:00:00	5.14
1/29/2019 16:00:00	5.0
1/30/2019 16:00:00	5.37
1/31/2019 16:00:00	5.61
2/1/2019 16:00:00	5.54
2/4/2019 16:00:00	5.74
2/5/2019 16:00:00	5.89
2/6/2019 16:00:00	5.84
2/7/2019 16:00:00	5.61
2/8/2019 16:00:00	5.63
2/11/2019 16:00:00	5.62
2/12/2019 16:00:00	5.87
2/13/2019 16:00:00	5.88
2/14/2019 16:00:00	5.9
2/15/2019 16:00:00	5.97
2/19/2019 16:00:00	6.0
2/20/2019 16:00:00	6.0
2/21/2019 16:00:00	5.93
2/22/2019 16:00:00	6.06
2/25/2019 16:00:00	6.13
2/26/2019 16:00:00	6.15
2/27/2019 16:00:00	6.13
2/28/2019 16:00:00	6.09
3/1/2019 16:00:00	6.21
3/4/2019 16:00:00	6.21
3/5/2019 16:00:00	6.23
3/6/2019 16:00:00	6.12
3/7/2019 16:00:00	5.9
3/8/2019 16:00:00	5.86
3/11/2019 16:00:00	6.23
3/12/2019 16:00:00	6.33
3/13/2019 16:00:00	6.47
3/14/2019 16:00:00	6.44
3/15/2019 16:00:00	6.6
3/18/2019 16:00:00	6.66
3/19/2019 16:00:00	6.73
3/20/2019 16:00:00	6.8
3/21/2019 16:00:00	7.12
3/22/2019 16:00:00	6.65
3/25/2019 16:00:00	6.61
3/26/2019 16:00:00	6.7
3/27/2019 16:00:00	6.57
3/28/2019 16:00:00	6.61
3/29/2019 16:00:00	6.76
4/1/2019 16:00:00	7.03
4/2/2019 16:00:00	7.11
4/3/2019 16:00:00	7.23
4/4/2019 16:00:00	7.22
4/5/2019 16:00:00	7.33
4/8/2019 16:00:00	7.38
4/9/2019 16:00:00	7.3
4/10/2019 16:00:00	7.42
4/11/2019 16:00:00	7.36
4/12/2019 16:00:00	7.46
4/15/2019 16:00:00	7.46
4/16/2019 16:00:00	7.53
4/17/2019 16:00:00	7.61
4/18/2019 16:00:00	7.63
4/22/2019 16:00:00	7.7
4/23/2019 16:00:00	7.99
4/24/2019 16:00:00	7.91
4/25/2019 16:00:00	8.0
4/26/2019 16:00:00	8.03
4/29/2019 16:00:00	8.07
4/30/2019 16:00:00	7.89
5/1/2019 16:00:00	7.8
5/2/2019 16:00:00	7.7
5/3/2019 16:00:00	8.06
5/6/2019 16:00:00	7.92
5/7/2019 16:00:00	7.46
5/8/2019 16:00:00	7.39
5/9/2019 16:00:00	7.28
5/10/2019 16:00:00	7.3
5/13/2019 16:00:00	6.54
5/14/2019 16:00:00	6.75
5/15/2019 16:00:00	7.03
5/16/2019 16:00:00	7.25
5/17/2019 16:00:00	7.02
5/20/2019 16:00:00	6.67
5/21/2019 16:00:00	6.87
5/22/2019 16:00:00	6.78
5/23/2019 16:00:00	6.46
5/24/2019 16:00:00	6.45
5/28/2019 16:00:00	6.38
5/29/2019 16:00:00	6.22
5/30/2019 16:00:00	6.3
5/31/2019 16:00:00	5.99
6/3/2019 16:00:00	5.61
6/4/2019 16:00:00	6.07
6/5/2019 16:00:00	6.2
6/6/2019 16:00:00	6.34
6/7/2019 16:00:00	6.7
6/10/2019 16:00:00	6.95
6/11/2019 16:00:00	6.97
6/12/2019 16:00:00	6.86
6/13/2019 16:00:00	6.97
6/14/2019 16:00:00	6.88
6/17/2019 16:00:00	7.0
6/18/2019 16:00:00	7.31
6/19/2019 16:00:00	7.39
6/20/2019 16:00:00	7.6
6/21/2019 16:00:00	7.56
6/24/2019 16:00:00	7.56
6/25/2019 16:00:00	7.17
6/26/2019 16:00:00	7.26
6/27/2019 16:00:00	7.34
6/28/2019 16:00:00	7.37
7/1/2019 16:00:00	7.67
7/2/2019 16:00:00	7.76
7/3/2019 16:00:00	7.93
7/5/2019 16:00:00	7.88
7/8/2019 16:00:00	7.71
7/9/2019 16:00:00	7.83
7/10/2019 16:00:00	8.06
7/11/2019 16:00:00	8.04
7/12/2019 16:00:00	8.17
7/15/2019 16:00:00	8.24
7/16/2019 16:00:00	8.13
7/17/2019 16:00:00	8.01
7/18/2019 16:00:00	8.04
7/19/2019 16:00:00	7.85
7/22/2019 16:00:00	8.03
7/23/2019 16:00:00	8.19
7/24/2019 16:00:00	8.36
7/25/2019 16:00:00	8.12
7/26/2019 16:00:00	8.36
7/29/2019 16:00:00	8.29
7/30/2019 16:00:00	8.17
7/31/2019 16:00:00	7.83
8/1/2019 16:00:00	7.72
8/2/2019 16:00:00	7.37
8/5/2019 16:00:00	6.59
8/6/2019 16:00:00	6.86
8/7/2019 16:00:00	6.96
8/8/2019 16:00:00	7.42
8/9/2019 16:00:00	7.21
8/12/2019 16:00:00	6.96
8/13/2019 16:00:00	7.42
8/14/2019 16:00:00	6.76
8/15/2019 16:00:00	6.73
8/16/2019 16:00:00	7.04
8/19/2019 16:00:00	7.37
8/20/2019 16:00:00	7.22
8/21/2019 16:00:00	7.4
8/22/2019 16:00:00	7.33
8/23/2019 16:00:00	6.66
8/26/2019 16:00:00	6.93
8/27/2019 16:00:00	6.89
8/28/2019 16:00:00	6.95
8/29/2019 16:00:00	7.27
8/30/2019 16:00:00	7.22
9/3/2019 16:00:00	7.01
9/4/2019 16:00:00	7.3
9/5/2019 16:00:00	7.71
9/6/2019 16:00:00	7.69
9/9/2019 16:00:00	7.64
9/10/2019 16:00:00	7.57
9/11/2019 16:00:00	7.78
9/12/2019 16:00:00	7.87
9/13/2019 16:00:00	7.79
9/16/2019 16:00:00	7.68
9/17/2019 16:00:00	7.79
9/18/2019 16:00:00	7.78
9/19/2019 16:00:00	7.81
9/20/2019 16:00:00	7.57
9/23/2019 16:00:00	7.58
9/24/2019 16:00:00	7.28
9/25/2019 16:00:00	7.51
9/26/2019 16:00:00	7.43
9/27/2019 16:00:00	7.16
9/30/2019 16:00:00	7.36
10/1/2019 16:00:00	7.18
10/2/2019 16:00:00	6.81
10/3/2019 16:00:00	7.03
10/4/2019 16:00:00	7.33
10/7/2019 16:00:00	7.26
10/8/2019 16:00:00	6.93
10/9/2019 16:00:00	7.14
10/10/2019 16:00:00	7.3
10/11/2019 16:00:00	7.57
10/14/2019 16:00:00	7.58
10/15/2019 16:00:00	7.87
10/16/2019 16:00:00	7.81
10/17/2019 16:00:00	7.86
10/18/2019 16:00:00	7.64
10/21/2019 16:00:00	7.84
10/22/2019 16:00:00	7.66
10/23/2019 16:00:00	7.69
10/24/2019 16:00:00	7.91
10/25/2019 16:00:00	8.09
10/28/2019 16:00:00	8.34
10/29/2019 16:00:00	8.15
10/30/2019 16:00:00	8.26
10/31/2019 16:00:00	8.27
11/1/2019 16:00:00	8.49
11/4/2019 16:00:00	8.65
11/5/2019 16:00:00	8.66
11/6/2019 16:00:00	8.6
11/7/2019 16:00:00	8.69
11/8/2019 16:00:00	8.79
11/11/2019 16:00:00	8.75
11/12/2019 16:00:00	8.83
11/13/2019 16:00:00	8.81
11/14/2019 16:00:00	8.81
11/15/2019 16:00:00	8.98
11/18/2019 16:00:00	9.02
11/19/2019 16:00:00	9.06
11/20/2019 16:00:00	8.9
11/21/2019 16:00:00	8.83
11/22/2019 16:00:00	8.86
11/25/2019 16:00:00	9.16
11/26/2019 16:00:00	9.22
11/27/2019 16:00:00	9.4
11/29/2019 16:00:00	9.28
12/2/2019 16:00:00	8.98
12/3/2019 16:00:00	8.78
12/4/2019 16:00:00	8.91
12/5/2019 16:00:00	8.95
12/6/2019 16:00:00	9.23
12/9/2019 16:00:00	9.12
12/10/2019 16:00:00	9.1
12/11/2019 16:00:00	9.24
12/12/2019 16:00:00	9.45
12/13/2019 16:00:00	9.53
12/16/2019 16:00:00	9.8
12/17/2019 16:00:00	9.82
12/18/2019 16:00:00	9.84
12/19/2019 16:00:00	10.04
12/20/2019 16:00:00	10.16
12/23/2019 16:00:00	10.24
12/24/2019 16:00:00	10.25
12/26/2019 16:00:00	10.51
12/27/2019 16:00:00	10.48
12/30/2019 16:00:00	10.27
12/31/2019 16:00:00	10.33
1/2/2020 16:00:00	10.85
1/3/2020 16:00:00	10.55
1/6/2020 16:00:00	10.75
1/7/2020 16:00:00	10.74
1/8/2020 16:00:00	10.99
1/9/2020 16:00:00	11.26
1/10/2020 16:00:00	11.17
1/13/2020 16:00:00	11.56
1/14/2020 16:00:00	11.43
1/15/2020 16:00:00	11.43
1/16/2020 16:00:00	11.75
1/17/2020 16:00:00	11.93
1/21/2020 16:00:00	11.92
1/22/2020 16:00:00	12.0
1/23/2020 16:00:00	12.11
1/24/2020 16:00:00	11.8
1/27/2020 16:00:00	11.07
1/28/2020 16:00:00	11.58
1/29/2020 16:00:00	11.63
1/30/2020 16:00:00	11.76
1/31/2020 16:00:00	11.18
2/3/2020 16:00:00	11.69
2/4/2020 16:00:00	12.49
2/5/2020 16:00:00	12.64
2/6/2020 16:00:00	12.94
2/7/2020 16:00:00	12.78
2/10/2020 16:00:00	13.24
2/11/2020 16:00:00	13.25
2/12/2020 16:00:00	13.64
2/13/2020 16:00:00	13.58
2/14/2020 16:00:00	13.68
2/18/2020 16:00:00	13.7
2/19/2020 16:00:00	14.1
2/20/2020 16:00:00	13.69
2/21/2020 16:00:00	12.91
2/24/2020 16:00:00	11.42
2/25/2020 16:00:00	10.5
2/26/2020 16:00:00	10.64
2/27/2020 16:00:00	9.05
2/28/2020 16:00:00	9.19
3/2/2020 16:00:00	10.45
3/3/2020 16:00:00	9.46
3/4/2020 16:00:00	10.61
3/5/2020 16:00:00	9.68
3/6/2020 16:00:00	9.17
3/9/2020 16:00:00	7.31
3/10/2020 16:00:00	8.45
3/11/2020 16:00:00	7.36
3/12/2020 16:00:00	5.34
3/13/2020 16:00:00	6.79
3/16/2020 16:00:00	4.45
3/17/2020 16:00:00	5.17
3/18/2020 16:00:00	4.69
3/19/2020 16:00:00	4.8
3/20/2020 16:00:00	4.24
3/23/2020 16:00:00	4.25
3/24/2020 16:00:00	5.2
3/25/2020 16:00:00	5.08
3/26/2020 16:00:00	5.91
3/27/2020 16:00:00	5.29
3/30/2020 16:00:00	5.85
3/31/2020 16:00:00	5.69
4/1/2020 16:00:00	4.98
4/2/2020 16:00:00	5.28
4/3/2020 16:00:00	5.06
4/6/2020 16:00:00	6.12
4/7/2020 16:00:00	6.11
4/8/2020 16:00:00	6.5
4/9/2020 16:00:00	6.53
4/13/2020 16:00:00	6.75
4/14/2020 16:00:00	7.63
4/15/2020 16:00:00	7.38
4/16/2020 16:00:00	7.77
4/17/2020 16:00:00	7.97
4/20/2020 16:00:00	7.71
4/21/2020 16:00:00	6.86
4/22/2020 16:00:00	7.46
4/23/2020 16:00:00	7.41
4/24/2020 16:00:00	7.77
4/27/2020 16:00:00	7.92
4/28/2020 16:00:00	7.5
4/29/2020 16:00:00	8.27
4/30/2020 16:00:00	8.33
5/1/2020 16:00:00	7.58
5/4/2020 16:00:00	7.85
5/5/2020 16:00:00	8.1
5/6/2020 16:00:00	8.26
5/7/2020 16:00:00	8.58
5/8/2020 16:00:00	8.93
5/11/2020 16:00:00	9.15
5/12/2020 16:00:00	8.61
5/13/2020 16:00:00	8.28
5/14/2020 16:00:00	8.56
5/15/2020 16:00:00	8.7
5/18/2020 16:00:00	9.21
5/19/2020 16:00:00	9.14
5/20/2020 16:00:00	9.67
5/21/2020 16:00:00	9.37
5/22/2020 16:00:00	9.46
5/26/2020 16:00:00	9.42
5/27/2020 16:00:00	9.55
5/28/2020 16:00:00	9.49
5/29/2020 16:00:00	9.88
6/1/2020 16:00:00	10.0
6/2/2020 16:00:00	10.2
6/3/2020 16:00:00	10.34
6/4/2020 16:00:00	10.13
6/5/2020 16:00:00	10.73
6/8/2020 16:00:00	10.97
6/9/2020 16:00:00	11.22
6/10/2020 16:00:00	11.62
6/11/2020 16:00:00	9.91
6/12/2020 16:00:00	10.12
6/15/2020 16:00:00	10.48
6/16/2020 16:00:00	11.04
6/17/2020 16:00:00	11.14
6/18/2020 16:00:00	11.23
6/19/2020 16:00:00	11.21
6/22/2020 16:00:00	11.61
6/23/2020 16:00:00	11.92
6/24/2020 16:00:00	11.21
6/25/2020 16:00:00	11.51
6/26/2020 16:00:00	10.68
6/29/2020 16:00:00	11.02
6/30/2020 16:00:00	11.66
7/1/2020 16:00:00	12.08
7/2/2020 16:00:00	12.33
7/6/2020 16:00:00	13.24
7/7/2020 16:00:00	12.98
7/8/2020 16:00:00	13.48
7/9/2020 16:00:00	13.81
7/10/2020 16:00:00	14.11
7/13/2020 16:00:00	13.23
7/14/2020 16:00:00	13.52
7/15/2020 16:00:00	13.58
7/16/2020 16:00:00	13.29
7/17/2020 16:00:00	13.35
7/20/2020 16:00:00	14.49
7/21/2020 16:00:00	14.03
7/22/2020 16:00:00	14.19
7/23/2020 16:00:00	13.08
7/24/2020 16:00:00	12.69
7/27/2020 16:00:00	13.37
7/28/2020 16:00:00	12.87
7/29/2020 16:00:00	13.31
7/30/2020 16:00:00	13.52
7/31/2020 16:00:00	14.25
8/3/2020 16:00:00	14.78
8/4/2020 16:00:00	14.98
8/5/2020 16:00:00	15.1
8/6/2020 16:00:00	15.67
8/7/2020 16:00:00	15.16
8/10/2020 16:00:00	14.96
8/11/2020 16:00:00	14.11
8/12/2020 16:00:00	15.16
8/13/2020 16:00:00	15.27
8/14/2020 16:00:00	15.23
8/17/2020 16:00:00	15.73
8/18/2020 16:00:00	16.19
8/19/2020 16:00:00	15.87
8/20/2020 16:00:00	16.53
8/21/2020 16:00:00	16.87
8/24/2020 16:00:00	17.19
8/25/2020 16:00:00	17.59
8/26/2020 16:00:00	18.71
8/27/2020 16:00:00	18.54
8/28/2020 16:00:00	18.83
8/31/2020 16:00:00	19.26
9/1/2020 16:00:00	20.27
9/2/2020 16:00:00	20.84
9/3/2020 16:00:00	17.64
9/4/2020 16:00:00	16.91
9/8/2020 16:00:00	14.52
9/9/2020 16:00:00	15.77
9/10/2020 16:00:00	14.86
9/11/2020 16:00:00	14.53
9/14/2020 16:00:00	15.28
9/15/2020 16:00:00	15.93
9/16/2020 16:00:00	15.16
9/17/2020 16:00:00	14.47
9/18/2020 16:00:00	13.91
9/21/2020 16:00:00	14.07
9/22/2020 16:00:00	14.84
9/23/2020 16:00:00	13.47
9/24/2020 16:00:00	13.66
9/25/2020 16:00:00	14.62
9/28/2020 16:00:00	15.49
9/29/2020 16:00:00	15.33
9/30/2020 16:00:00	15.63
10/1/2020 16:00:00	16.36
10/2/2020 16:00:00	15.01
10/5/2020 16:00:00	15.96
10/6/2020 16:00:00	15.1
10/7/2020 16:00:00	15.89
10/8/2020 16:00:00	16.13
10/9/2020 16:00:00	16.85
10/12/2020 16:00:00	18.42
10/13/2020 16:00:00	18.42
10/14/2020 16:00:00	17.96
10/15/2020 16:00:00	17.59
10/16/2020 16:00:00	17.32
10/19/2020 16:00:00	16.46
10/20/2020 16:00:00	16.57
10/21/2020 16:00:00	16.53
10/22/2020 16:00:00	16.53
10/23/2020 16:00:00	16.63
10/26/2020 16:00:00	15.87
10/27/2020 16:00:00	16.25
10/28/2020 16:00:00	14.34
10/29/2020 16:00:00	15.07
10/30/2020 16:00:00	14.02
11/2/2020 16:00:00	14.03
11/3/2020 16:00:00	14.73
11/4/2020 16:00:00	16.72
11/5/2020 16:00:00	18.01
11/6/2020 16:00:00	18.08
11/9/2020 16:00:00	16.97
11/10/2020 16:00:00	16.06
11/11/2020 16:00:00	17.14
11/12/2020 16:00:00	16.89
11/13/2020 16:00:00	17.33
11/16/2020 16:00:00	17.73
11/17/2020 16:00:00	17.56
11/18/2020 16:00:00	17.16
11/19/2020 16:00:00	17.58
11/20/2020 16:00:00	17.22
11/23/2020 16:00:00	17.23
11/24/2020 16:00:00	17.93
11/25/2020 16:00:00	18.27
11/27/2020 16:00:00	18.77
11/30/2020 16:00:00	18.87
12/1/2020 16:00:00	19.61
12/2/2020 16:00:00	19.69
12/3/2020 16:00:00	19.77
12/4/2020 16:00:00	20.01
12/7/2020 16:00:00	20.35
12/8/2020 16:00:00	20.53
12/9/2020 16:00:00	19.16
12/10/2020 16:00:00	19.39
12/11/2020 16:00:00	19.26
12/14/2020 16:00:00	19.67
12/15/2020 16:00:00	20.28
12/16/2020 16:00:00	20.62
12/17/2020 16:00:00	21.04
12/18/2020 16:00:00	20.81
12/21/2020 16:00:00	20.74
12/22/2020 16:00:00	20.9
12/23/2020 16:00:00	20.58
12/24/2020 16:00:00	20.85
12/28/2020 16:00:00	21.48
12/29/2020 16:00:00	21.54
12/30/2020 16:00:00	21.54
12/31/2020 16:00:00	21.71
1/4/2021 16:00:00	20.76
1/5/2021 16:00:00	21.28
1/6/2021 16:00:00	20.4
1/7/2021 16:00:00	21.87
1/8/2021 16:00:00	22.72
1/11/2021 16:00:00	21.71
1/12/2021 16:00:00	21.62
1/13/2021 16:00:00	22.04
1/14/2021 16:00:00	21.7
1/15/2021 16:00:00	21.18
1/19/2021 16:00:00	22.09
1/20/2021 16:00:00	23.63
1/21/2021 16:00:00	24.22
1/22/2021 16:00:00	24.0
1/25/2021 16:00:00	24.67
1/26/2021 16:00:00	24.69
1/27/2021 16:00:00	22.7
1/28/2021 16:00:00	23.04
1/29/2021 16:00:00	21.6
2/1/2021 16:00:00	23.19
2/2/2021 16:00:00	24.31
2/3/2021 16:00:00	24.03
2/4/2021 16:00:00	24.88
2/5/2021 16:00:00	25.14
2/8/2021 16:00:00	25.64
2/9/2021 16:00:00	25.62
2/10/2021 16:00:00	25.44
2/11/2021 16:00:00	25.85
2/12/2021 16:00:00	26.29
2/16/2021 16:00:00	26.07
2/17/2021 16:00:00	25.71
2/18/2021 16:00:00	25.36
2/19/2021 16:00:00	25.03
2/22/2021 16:00:00	23.09
2/23/2021 16:00:00	22.88
2/24/2021 16:00:00	23.44
2/25/2021 16:00:00	20.99
2/26/2021 16:00:00	21.3
3/1/2021 16:00:00	23.16
3/2/2021 16:00:00	22.05
3/3/2021 16:00:00	20.14
3/4/2021 16:00:00	19.14
3/5/2021 16:00:00	20.0
3/8/2021 16:00:00	18.29
3/9/2021 16:00:00	20.44
3/10/2021 16:00:00	20.27
3/11/2021 16:00:00	21.68
3/12/2021 16:00:00	21.14
3/15/2021 16:00:00	21.81
3/16/2021 16:00:00	22.17
3/17/2021 16:00:00	22.45
3/18/2021 16:00:00	20.39
3/19/2021 16:00:00	20.65
3/22/2021 16:00:00	21.75
3/23/2021 16:00:00	21.47
3/24/2021 16:00:00	20.38
3/25/2021 16:00:00	20.27
3/26/2021 16:00:00	21.17
3/29/2021 16:00:00	21.16
3/30/2021 16:00:00	20.86
3/31/2021 16:00:00	21.79
4/1/2021 16:00:00	22.9
4/5/2021 16:00:00	24.27
4/6/2021 16:00:00	24.22
4/7/2021 16:00:00	24.4
4/8/2021 16:00:00	25.16
4/9/2021 16:00:00	25.61
4/12/2021 16:00:00	25.51
4/13/2021 16:00:00	26.39
4/14/2021 16:00:00	25.46
4/15/2021 16:00:00	26.59
4/16/2021 16:00:00	26.7
4/19/2021 16:00:00	25.97
4/20/2021 16:00:00	25.4
4/21/2021 16:00:00	26.04
4/22/2021 16:00:00	25.1
4/23/2021 16:00:00	26.04
4/26/2021 16:00:00	26.56
4/27/2021 16:00:00	26.21
4/28/2021 16:00:00	25.94
4/29/2021 16:00:00	26.2
4/30/2021 16:00:00	25.71
5/3/2021 16:00:00	25.29
5/4/2021 16:00:00	23.95
5/5/2021 16:00:00	23.68
5/6/2021 16:00:00	24.19
5/7/2021 16:00:00	24.79
5/10/2021 16:00:00	22.92
5/11/2021 16:00:00	22.81
5/12/2021 16:00:00	21.07
5/13/2021 16:00:00	21.52
5/14/2021 16:00:00	22.92
5/17/2021 16:00:00	22.53
5/18/2021 16:00:00	22.06
5/19/2021 16:00:00	22.14
5/20/2021 16:00:00	23.42
5/21/2021 16:00:00	23.03
5/24/2021 16:00:00	24.18
5/25/2021 16:00:00	24.3
5/26/2021 16:00:00	24.55
5/27/2021 16:00:00	24.26
5/28/2021 16:00:00	24.5
6/1/2021 16:00:00	24.26
6/2/2021 16:00:00	24.38
6/3/2021 16:00:00	23.62
6/4/2021 16:00:00	24.83
6/7/2021 16:00:00	25.05
6/8/2021 16:00:00	25.08
6/9/2021 16:00:00	25.11
6/10/2021 16:00:00	25.87
6/11/2021 16:00:00	26.08
6/14/2021 16:00:00	26.81
6/15/2021 16:00:00	26.31
6/16/2021 16:00:00	26.03
6/17/2021 16:00:00	27.0
6/18/2021 16:00:00	26.36
6/21/2021 16:00:00	26.84
6/22/2021 16:00:00	27.59
6/23/2021 16:00:00	27.64
6/24/2021 16:00:00	28.15
6/25/2021 16:00:00	28.06
6/28/2021 16:00:00	29.05
6/29/2021 16:00:00	29.38
6/30/2021 16:00:00	29.25
7/1/2021 16:00:00	29.27
7/2/2021 16:00:00	30.26
7/6/2021 16:00:00	30.66
7/7/2021 16:00:00	30.86
7/8/2021 16:00:00	30.33
7/9/2021 16:00:00	30.84
7/12/2021 16:00:00	31.23
7/13/2021 16:00:00	31.21
7/14/2021 16:00:00	31.38
7/15/2021 16:00:00	30.73
7/16/2021 16:00:00	29.97
7/19/2021 16:00:00	29.26
7/20/2021 16:00:00	30.22
7/21/2021 16:00:00	30.91
7/22/2021 16:00:00	31.56
7/23/2021 16:00:00	32.61
7/26/2021 16:00:00	32.74
7/27/2021 16:00:00	31.67
7/28/2021 16:00:00	32.02
7/29/2021 16:00:00	32.18
7/30/2021 16:00:00	31.7
8/2/2021 16:00:00	31.69
8/3/2021 16:00:00	32.24
8/4/2021 16:00:00	32.4
8/5/2021 16:00:00	33.01
8/6/2021 16:00:00	32.58
8/9/2021 16:00:00	32.75
8/10/2021 16:00:00	32.26
8/11/2021 16:00:00	32.09
8/12/2021 16:00:00	32.42
8/13/2021 16:00:00	32.75
8/16/2021 16:00:00	32.8
8/17/2021 16:00:00	31.94
8/18/2021 16:00:00	31.01
8/19/2021 16:00:00	31.45
8/20/2021 16:00:00	32.43
8/23/2021 16:00:00	33.87
8/24/2021 16:00:00	34.21
8/25/2021 16:00:00	34.24
8/26/2021 16:00:00	33.66
8/27/2021 16:00:00	34.65
8/30/2021 16:00:00	35.8
8/31/2021 16:00:00	35.7
9/1/2021 16:00:00	35.89
9/2/2021 16:00:00	35.84
9/3/2021 16:00:00	36.16
9/7/2021 16:00:00	36.31
9/8/2021 16:00:00	35.94
9/9/2021 16:00:00	35.55
9/10/2021 16:00:00	34.75
9/13/2021 16:00:00	34.68
9/14/2021 16:00:00	34.38
9/15/2021 16:00:00	35.14
9/16/2021 16:00:00	35.21
9/17/2021 16:00:00	33.96
9/20/2021 16:00:00	31.88
9/21/2021 16:00:00	31.92
9/22/2021 16:00:00	32.85
9/23/2021 16:00:00	33.76
9/24/2021 16:00:00	33.86
9/27/2021 16:00:00	33.04
9/28/2021 16:00:00	30.28
9/29/2021 16:00:00	30.08
9/30/2021 16:00:00	29.75
10/1/2021 16:00:00	30.29
10/4/2021 16:00:00	28.42
10/5/2021 16:00:00	29.52
10/6/2021 16:00:00	30.1
10/7/2021 16:00:00	30.92
10/8/2021 16:00:00	30.44
10/11/2021 16:00:00	29.76
10/12/2021 16:00:00	29.46
10/13/2021 16:00:00	30.15
10/14/2021 16:00:00	31.82
10/15/2021 16:00:00	32.41
10/18/2021 16:00:00	33.38
10/19/2021 16:00:00	34.11
10/20/2021 16:00:00	34.0
10/21/2021 16:00:00	34.61
10/22/2021 16:00:00	33.74
10/25/2021 16:00:00	34.75
10/26/2021 16:00:00	35.07
10/27/2021 16:00:00	35.35
10/28/2021 16:00:00	36.51
10/29/2021 16:00:00	37.05
11/1/2021 16:00:00	37.41
11/2/2021 16:00:00	37.91
11/3/2021 16:00:00	39.12
11/4/2021 16:00:00	40.58
11/5/2021 16:00:00	40.73
11/8/2021 16:00:00	40.56
11/9/2021 16:00:00	39.72
11/10/2021 16:00:00	37.98
11/11/2021 16:00:00	38.29
11/12/2021 16:00:00	39.51
11/15/2021 16:00:00	39.49
11/16/2021 16:00:00	40.31
11/17/2021 16:00:00	40.36
11/18/2021 16:00:00	41.59
11/19/2021 16:00:00	42.3
11/22/2021 16:00:00	40.83
11/23/2021 16:00:00	40.28
11/24/2021 16:00:00	40.65
11/26/2021 16:00:00	38.41
11/29/2021 16:00:00	40.79
11/30/2021 16:00:00	39.04
12/1/2021 16:00:00	37.04
12/2/2021 16:00:00	37.73
12/3/2021 16:00:00	35.84
12/6/2021 16:00:00	36.67
12/7/2021 16:00:00	39.98
12/8/2021 16:00:00	40.54
12/9/2021 16:00:00	38.79
12/10/2021 16:00:00	39.99
12/13/2021 16:00:00	38.27
12/14/2021 16:00:00	37.13
12/15/2021 16:00:00	39.59
12/16/2021 16:00:00	36.57
12/17/2021 16:00:00	36.01
12/20/2021 16:00:00	34.93
12/21/2021 16:00:00	37.27
12/22/2021 16:00:00	38.6
12/23/2021 16:00:00	39.51
12/27/2021 16:00:00	41.4
12/28/2021 16:00:00	40.92
12/29/2021 16:00:00	40.85
12/30/2021 16:00:00	40.47
12/31/2021 16:00:00	39.72
1/3/2022 16:00:00	40.86
1/4/2022 16:00:00	39.27
1/5/2022 16:00:00	35.66
1/6/2022 16:00:00	35.56
1/7/2022 16:00:00	34.4
1/10/2022 16:00:00	34.53
1/11/2022 16:00:00	36.05
1/12/2022 16:00:00	36.46
1/13/2022 16:00:00	33.81
1/14/2022 16:00:00	34.32
1/18/2022 16:00:00	31.85
1/19/2022 16:00:00	30.74
1/20/2022 16:00:00	29.55
1/21/2022 16:00:00	27.06
1/24/2022 16:00:00	27.46
1/25/2022 16:00:00	25.43
1/26/2022 16:00:00	25.38
1/27/2022 16:00:00	24.62
1/28/2022 16:00:00	26.92
1/31/2022 16:00:00	29.53
2/1/2022 16:00:00	30.09
2/2/2022 16:00:00	30.8
2/3/2022 16:00:00	27.1
2/4/2022 16:00:00	28.03
2/7/2022 16:00:00	27.4
2/8/2022 16:00:00	28.33
2/9/2022 16:00:00	30.09
2/10/2022 16:00:00	28.09
2/11/2022 16:00:00	25.44
2/14/2022 16:00:00	25.52
2/15/2022 16:00:00	27.36
2/16/2022 16:00:00	27.36
2/17/2022 16:00:00	24.93
2/18/2022 16:00:00	24.09
2/22/2022 16:00:00	23.34
2/23/2022 16:00:00	21.56
2/24/2022 16:00:00	23.67
2/25/2022 16:00:00	24.79
2/28/2022 16:00:00	25.05
3/1/2022 16:00:00	23.9
3/2/2022 16:00:00	25.04
3/3/2022 16:00:00	23.99
3/4/2022 16:00:00	22.97
3/7/2022 16:00:00	20.4
3/8/2022 16:00:00	20.12
3/9/2022 16:00:00	22.27
3/10/2022 16:00:00	21.56
3/11/2022 16:00:00	20.22
3/14/2022 16:00:00	19.04
3/15/2022 16:00:00	20.8
3/16/2022 16:00:00	23.13
3/17/2022 16:00:00	23.91
3/18/2022 16:00:00	25.39
3/21/2022 16:00:00	25.21
3/22/2022 16:00:00	26.7
3/23/2022 16:00:00	25.57
3/24/2022 16:00:00	27.23
3/25/2022 16:00:00	27.19
3/28/2022 16:00:00	28.42
3/29/2022 16:00:00	29.88
3/30/2022 16:00:00	28.98
3/31/2022 16:00:00	27.78
4/1/2022 16:00:00	27.67
4/4/2022 16:00:00	29.39
4/5/2022 16:00:00	27.45
4/6/2022 16:00:00	25.65
4/7/2022 16:00:00	25.81
4/8/2022 16:00:00	24.76
4/11/2022 16:00:00	23.0
4/12/2022 16:00:00	22.7
4/13/2022 16:00:00	24.06
4/14/2022 16:00:00	22.45
4/18/2022 16:00:00	22.51
4/19/2022 16:00:00	23.95
4/20/2022 16:00:00	22.88
4/21/2022 16:00:00	21.53
4/22/2022 16:00:00	19.82
4/25/2022 16:00:00	20.56
4/26/2022 16:00:00	18.25
4/27/2022 16:00:00	18.17
4/28/2022 16:00:00	20.09
4/29/2022 16:00:00	17.45
5/2/2022 16:00:00	18.27
5/3/2022 16:00:00	18.31
5/4/2022 16:00:00	20.12
5/5/2022 16:00:00	17.13
5/6/2022 16:00:00	16.53
5/9/2022 16:00:00	14.58
5/10/2022 16:00:00	15.08
5/11/2022 16:00:00	13.73
5/12/2022 16:00:00	13.62
5/13/2022 16:00:00	15.11
5/16/2022 16:00:00	14.64
5/17/2022 16:00:00	15.74
5/18/2022 16:00:00	13.44
5/19/2022 16:00:00	13.17
5/20/2022 16:00:00	13.06
5/23/2022 16:00:00	13.7
5/24/2022 16:00:00	12.85
5/25/2022 16:00:00	13.36
5/26/2022 16:00:00	14.48
5/27/2022 16:00:00	15.9
5/31/2022 16:00:00	15.78
6/1/2022 16:00:00	15.42
6/2/2022 16:00:00	16.67
6/3/2022 16:00:00	15.35
6/6/2022 16:00:00	15.54
6/7/2022 16:00:00	15.92
6/8/2022 16:00:00	15.59
6/9/2022 16:00:00	14.32
6/10/2022 16:00:00	12.79
6/13/2022 16:00:00	11.02
6/14/2022 16:00:00	11.09
6/15/2022 16:00:00	11.89
6/16/2022 16:00:00	10.44
6/17/2022 16:00:00	10.83
6/21/2022 16:00:00	11.64
6/22/2022 16:00:00	11.6
6/23/2022 16:00:00	12.1
6/24/2022 16:00:00	13.36
6/27/2022 16:00:00	13.05
6/28/2022 16:00:00	11.86
6/29/2022 16:00:00	11.88
6/30/2022 16:00:00	11.46
7/1/2022 16:00:00	11.65
7/5/2022 16:00:00	12.25
7/6/2022 16:00:00	12.48
7/7/2022 16:00:00	13.26
7/8/2022 16:00:00	13.32
7/11/2022 16:00:00	12.47
7/12/2022 16:00:00	12.11
7/13/2022 16:00:00	12.03
7/14/2022 16:00:00	12.15
7/15/2022 16:00:00	12.79
7/18/2022 16:00:00	12.5
7/19/2022 16:00:00	13.59
7/20/2022 16:00:00	14.27
7/21/2022 16:00:00	14.88
7/22/2022 16:00:00	14.1
7/25/2022 16:00:00	13.89
7/26/2022 16:00:00	13.05
7/27/2022 16:00:00	14.68
7/28/2022 16:00:00	15.1
7/29/2022 16:00:00	15.93
8/1/2022 16:00:00	15.91
8/2/2022 16:00:00	15.76
8/3/2022 16:00:00	17.02
8/4/2022 16:00:00	17.26
8/5/2022 16:00:00	16.85
8/8/2022 16:00:00	16.68
8/9/2022 16:00:00	16.11
8/10/2022 16:00:00	17.43
8/11/2022 16:00:00	17.17
8/12/2022 16:00:00	18.14
8/15/2022 16:00:00	18.57
8/16/2022 16:00:00	18.45
8/17/2022 16:00:00	17.81
8/18/2022 16:00:00	17.93
8/19/2022 16:00:00	16.88
8/22/2022 16:00:00	15.55
8/23/2022 16:00:00	15.5
8/24/2022 16:00:00	15.62
8/25/2022 16:00:00	16.44
8/26/2022 16:00:00	14.44
8/29/2022 16:00:00	14.0
8/30/2022 16:00:00	13.53
8/31/2022 16:00:00	13.28
9/1/2022 16:00:00	13.3
9/2/2022 16:00:00	12.74
9/6/2022 16:00:00	12.45
9/7/2022 16:00:00	13.19
9/8/2022 16:00:00	13.4
9/9/2022 16:00:00	14.25
9/12/2022 16:00:00	14.77
9/13/2022 16:00:00	12.34
9/14/2022 16:00:00	12.62
9/15/2022 16:00:00	11.98
9/16/2022 16:00:00	11.75
9/19/2022 16:00:00	12.03
9/20/2022 16:00:00	11.74
9/21/2022 16:00:00	11.1
9/22/2022 16:00:00	10.69
9/23/2022 16:00:00	10.18
9/26/2022 16:00:00	10.04
9/27/2022 16:00:00	10.05
9/28/2022 16:00:00	10.64
9/29/2022 16:00:00	9.74
9/30/2022 16:00:00	9.23
10/3/2022 16:00:00	9.87
10/4/2022 16:00:00	10.78
10/5/2022 16:00:00	10.78
10/6/2022 16:00:00	10.51
10/7/2022 16:00:00	9.31
10/10/2022 16:00:00	9.02
10/11/2022 16:00:00	8.66
10/12/2022 16:00:00	8.64
10/13/2022 16:00:00	9.22
10/14/2022 16:00:00	8.39
10/17/2022 16:00:00	9.22
10/18/2022 16:00:00	9.45
10/19/2022 16:00:00	9.33
10/20/2022 16:00:00	9.17
10/21/2022 16:00:00	9.82
10/24/2022 16:00:00	10.16
10/25/2022 16:00:00	10.77
10/26/2022 16:00:00	10.06
10/27/2022 16:00:00	9.5
10/28/2022 16:00:00	10.36
10/31/2022 16:00:00	10.0
11/1/2022 16:00:00	9.69
11/2/2022 16:00:00	8.69
11/3/2022 16:00:00	8.19
11/4/2022 16:00:00	8.57
11/7/2022 16:00:00	8.84
11/8/2022 16:00:00	9.04
11/9/2022 16:00:00	8.41
11/10/2022 16:00:00	10.24
11/11/2022 16:00:00	10.83
11/14/2022 16:00:00	10.54
11/15/2022 16:00:00	10.96
11/16/2022 16:00:00	10.52
11/17/2022 16:00:00	10.44
11/18/2022 16:00:00	10.43
11/21/2022 16:00:00	10.11
11/22/2022 16:00:00	10.54
11/23/2022 16:00:00	10.86
11/25/2022 16:00:00	10.63
11/28/2022 16:00:00	10.16
11/29/2022 16:00:00	9.92
11/30/2022 16:00:00	11.25
12/1/2022 16:00:00	11.31
12/2/2022 16:00:00	11.18
12/5/2022 16:00:00	10.62
12/6/2022 16:00:00	9.94
12/7/2022 16:00:00	9.82
12/8/2022 16:00:00	10.17
12/9/2022 16:00:00	9.98
12/12/2022 16:00:00	10.34
12/13/2022 16:00:00	10.66
12/14/2022 16:00:00	10.41
12/15/2022 16:00:00	9.38
12/16/2022 16:00:00	9.1
12/19/2022 16:00:00	8.73
12/20/2022 16:00:00	8.69
12/21/2022 16:00:00	9.06
12/22/2022 16:00:00	8.42
12/23/2022 16:00:00	8.44
12/27/2022 16:00:00	8.08
12/28/2022 16:00:00	7.76
12/29/2022 16:00:00	8.3
12/30/2022 16:00:00	8.3
1/3/2023 16:00:00	8.12
1/4/2023 16:00:00	8.24
1/5/2023 16:00:00	7.85
1/6/2023 16:00:00	8.47
1/9/2023 16:00:00	8.65
1/10/2023 16:00:00	8.88
1/11/2023 16:00:00	9.32
1/12/2023 16:00:00	9.46
1/13/2023 16:00:00	9.65
1/17/2023 16:00:00	9.7
1/18/2023 16:00:00	9.34
1/19/2023 16:00:00	9.05
1/20/2023 16:00:00	9.79
1/23/2023 16:00:00	10.43
1/24/2023 16:00:00	10.37
1/25/2023 16:00:00	10.29
1/26/2023 16:00:00	10.89
1/27/2023 16:00:00	11.2
1/30/2023 16:00:00	10.53
1/31/2023 16:00:00	11.0
2/1/2023 16:00:00	11.71
2/2/2023 16:00:00	12.92
2/3/2023 16:00:00	12.25
2/6/2023 16:00:00	11.94
2/7/2023 16:00:00	12.68
2/8/2023 16:00:00	12.0
2/9/2023 16:00:00	11.67
2/10/2023 16:00:00	11.43
2/13/2023 16:00:00	11.98
2/14/2023 16:00:00	12.24
2/15/2023 16:00:00	12.51
2/16/2023 16:00:00	11.79
2/17/2023 16:00:00	11.54
2/21/2023 16:00:00	10.73
2/22/2023 16:00:00	10.74
2/23/2023 16:00:00	11.01
2/24/2023 16:00:00	10.45
2/27/2023 16:00:00	10.68
2/28/2023 16:00:00	10.62
3/1/2023 16:00:00	10.36
3/2/2023 16:00:00	10.61
3/3/2023 16:00:00	11.26
3/6/2023 16:00:00	11.31
3/7/2023 16:00:00	10.89
3/8/2023 16:00:00	11.04
3/9/2023 16:00:00	10.46
3/10/2023 16:00:00	10.02
3/13/2023 16:00:00	10.24
3/14/2023 16:00:00	10.94
3/15/2023 16:00:00	11.09
3/16/2023 16:00:00	11.97
3/17/2023 16:00:00	11.79
3/20/2023 16:00:00	11.92
3/21/2023 16:00:00	12.42
3/22/2023 16:00:00	11.92
3/23/2023 16:00:00	12.34
3/24/2023 16:00:00	12.47
3/27/2023 16:00:00	12.21
3/28/2023 16:00:00	12.01
3/29/2023 16:00:00	12.66
3/30/2023 16:00:00	13.01
3/31/2023 16:00:00	13.65
4/3/2023 16:00:00	13.55
4/4/2023 16:00:00	13.41
4/5/2023 16:00:00	12.98
4/6/2023 16:00:00	13.24
4/10/2023 16:00:00	13.22
4/11/2023 16:00:00	12.96
4/12/2023 16:00:00	12.62
4/13/2023 16:00:00	13.34
4/14/2023 16:00:00	13.26
4/17/2023 16:00:00	13.28
4/18/2023 16:00:00	13.29
4/19/2023 16:00:00	13.26
4/20/2023 16:00:00	12.95
4/21/2023 16:00:00	12.97
4/24/2023 16:00:00	12.9
4/25/2023 16:00:00	12.17
4/26/2023 16:00:00	12.37
4/27/2023 16:00:00	13.37
4/28/2023 16:00:00	13.64
5/1/2023 16:00:00	13.6
5/2/2023 16:00:00	13.24
5/3/2023 16:00:00	12.98
5/4/2023 16:00:00	12.83
5/5/2023 16:00:00	13.62
5/8/2023 16:00:00	13.73
5/9/2023 16:00:00	13.47
5/10/2023 16:00:00	13.9
5/11/2023 16:00:00	14.02
5/12/2023 16:00:00	13.87
5/15/2023 16:00:00	14.08
5/16/2023 16:00:00	14.14
5/17/2023 16:00:00	14.64
5/18/2023 16:00:00	15.43
5/19/2023 16:00:00	15.33
5/22/2023 16:00:00	15.48
5/23/2023 16:00:00	14.89
5/24/2023 16:00:00	14.64
5/25/2023 16:00:00	15.7
5/26/2023 16:00:00	16.89
5/30/2023 16:00:00	17.13
5/31/2023 16:00:00	16.78
6/1/2023 16:00:00	17.39
6/2/2023 16:00:00	17.78
6/5/2023 16:00:00	17.82
6/6/2023 16:00:00	17.8
6/7/2023 16:00:00	16.89
6/8/2023 16:00:00	17.47
6/9/2023 16:00:00	17.68
6/12/2023 16:00:00	18.58
6/13/2023 16:00:00	19.0
6/14/2023 16:00:00	19.41
6/15/2023 16:00:00	20.09
6/16/2023 16:00:00	19.7
6/20/2023 16:00:00	19.6
6/21/2023 16:00:00	18.82
6/22/2023 16:00:00	19.44
6/23/2023 16:00:00	18.87
6/26/2023 16:00:00	18.12
6/27/2023 16:00:00	19.02
6/28/2023 16:00:00	19.13
6/29/2023 16:00:00	19.0
6/30/2023 16:00:00	19.86
7/3/2023 16:00:00	19.99
7/5/2023 16:00:00	19.98
7/6/2023 16:00:00	19.51
7/7/2023 16:00:00	19.31
7/10/2023 16:00:00	19.33
7/11/2023 16:00:00	19.6
7/12/2023 16:00:00	20.33
7/13/2023 16:00:00	21.34
7/14/2023 16:00:00	21.32
7/17/2023 16:00:00	21.91
7/18/2023 16:00:00	22.44
7/19/2023 16:00:00	22.44
7/20/2023 16:00:00	20.86
7/21/2023 16:00:00	20.68
7/24/2023 16:00:00	20.76
7/25/2023 16:00:00	21.18
7/26/2023 16:00:00	20.96
7/27/2023 16:00:00	20.78
7/28/2023 16:00:00	21.9
7/31/2023 16:00:00	21.95
8/1/2023 16:00:00	21.78
8/2/2023 16:00:00	20.35
8/3/2023 16:00:00	20.21
8/4/2023 16:00:00	19.93
8/7/2023 16:00:00	20.42
8/8/2023 16:00:00	19.9
8/9/2023 16:00:00	19.23
8/10/2023 16:00:00	19.32
8/11/2023 16:00:00	18.93
8/14/2023 16:00:00	19.56
8/15/2023 16:00:00	18.96
8/16/2023 16:00:00	18.33
8/17/2023 16:00:00	17.71
8/18/2023 16:00:00	17.63
8/21/2023 16:00:00	18.48
8/22/2023 16:00:00	18.4
8/23/2023 16:00:00	19.27
8/24/2023 16:00:00	18.0
8/25/2023 16:00:00	18.43
8/28/2023 16:00:00	18.84
8/29/2023 16:00:00	20.04
8/30/2023 16:00:00	20.37
8/31/2023 16:00:00	20.56
9/1/2023 16:00:00	20.48
9/5/2023 16:00:00	20.54
9/6/2023 16:00:00	19.99
9/7/2023 16:00:00	19.56
9/8/2023 16:00:00	19.62
9/11/2023 16:00:00	20.29
9/12/2023 16:00:00	19.64
9/13/2023 16:00:00	19.83
9/14/2023 16:00:00	20.3
9/15/2023 16:00:00	19.25
9/18/2023 16:00:00	19.3
9/19/2023 16:00:00	19.18
9/20/2023 16:00:00	18.35
9/21/2023 16:00:00	17.3
9/22/2023 16:00:00	17.32
9/25/2023 16:00:00	17.55
9/26/2023 16:00:00	16.76
9/27/2023 16:00:00	16.87
9/28/2023 16:00:00	17.28
9/29/2023 16:00:00	17.31
10/2/2023 16:00:00	17.73
10/3/2023 16:00:00	16.79
10/4/2023 16:00:00	17.47
10/5/2023 16:00:00	17.28
10/6/2023 16:00:00	18.15
10/9/2023 16:00:00	18.42
10/10/2023 16:00:00	18.72
10/11/2023 16:00:00	19.12
10/12/2023 16:00:00	18.9
10/13/2023 16:00:00	18.18
10/16/2023 16:00:00	18.8
10/17/2023 16:00:00	18.62
10/18/2023 16:00:00	17.83
10/19/2023 16:00:00	17.35
10/20/2023 16:00:00	16.57
10/23/2023 16:00:00	16.72
10/24/2023 16:00:00	17.19
10/25/2023 16:00:00	15.93
10/26/2023 16:00:00	15.0
10/27/2023 16:00:00	15.21
10/30/2023 16:00:00	15.71
10/31/2023 16:00:00	15.93
11/1/2023 16:00:00	16.76
11/2/2023 16:00:00	17.64
11/3/2023 16:00:00	18.27
11/6/2023 16:00:00	18.48
11/7/2023 16:00:00	19.0
11/8/2023 16:00:00	19.03
11/9/2023 16:00:00	18.58
11/10/2023 16:00:00	19.82
11/13/2023 16:00:00	19.64
11/14/2023 16:00:00	20.87
11/15/2023 16:00:00	20.93
11/16/2023 16:00:00	20.96
11/17/2023 16:00:00	20.98
11/20/2023 16:00:00	21.73
11/21/2023 16:00:00	21.33
11/22/2023 16:00:00	21.58
11/24/2023 16:00:00	21.47
11/27/2023 16:00:00	21.41
11/28/2023 16:00:00	21.58
11/29/2023 16:00:00	21.5
11/30/2023 16:00:00	21.32
12/1/2023 16:00:00	21.5
12/4/2023 16:00:00	20.89
12/5/2023 16:00:00	21.04
12/6/2023 16:00:00	20.67
12/7/2023 16:00:00	21.53
12/8/2023 16:00:00	21.79
12/11/2023 16:00:00	22.34
12/12/2023 16:00:00	22.88
12/13/2023 16:00:00	23.69
12/14/2023 16:00:00	23.65
12/15/2023 16:00:00	23.93
12/18/2023 16:00:00	24.43
12/19/2023 16:00:00	24.8
12/20/2023 16:00:00	23.7
12/21/2023 16:00:00	24.48
12/22/2023 16:00:00	24.58
12/26/2023 16:00:00	25.03
12/27/2023 16:00:00	25.16
12/28/2023 16:00:00	25.1
12/29/2023 16:00:00	24.75
1/2/2024 16:00:00	23.5
1/3/2024 16:00:00	22.75
1/4/2024 16:00:00	22.36
1/5/2024 16:00:00	22.45
1/8/2024 16:00:00	23.8
1/9/2024 16:00:00	23.96
1/10/2024 16:00:00	24.43
1/11/2024 16:00:00	24.55
1/12/2024 16:00:00	24.58
1/16/2024 16:00:00	24.56
1/17/2024 16:00:00	24.14
1/18/2024 16:00:00	25.17
1/19/2024 16:00:00	26.63
1/22/2024 16:00:00	26.73
1/23/2024 16:00:00	27.05
1/24/2024 16:00:00	27.5
1/25/2024 16:00:00	27.57
1/26/2024 16:00:00	27.07
1/29/2024 16:00:00	27.86
1/30/2024 16:00:00	27.31
1/31/2024 16:00:00	25.7
2/1/2024 16:00:00	26.61
2/2/2024 16:00:00	27.95
2/5/2024 16:00:00	27.8
2/6/2024 16:00:00	27.64
2/7/2024 16:00:00	28.47
2/8/2024 16:00:00	28.58
2/9/2024 16:00:00	29.42
2/12/2024 16:00:00	29.08
2/13/2024 16:00:00	27.7
2/14/2024 16:00:00	28.58
2/15/2024 16:00:00	28.82
2/16/2024 16:00:00	28.03
2/20/2024 16:00:00	27.38
2/21/2024 16:00:00	27.04
2/22/2024 16:00:00	29.38
2/23/2024 16:00:00	29.11
2/26/2024 16:00:00	29.07
2/27/2024 16:00:00	29.25
2/28/2024 16:00:00	28.78
2/29/2024 16:00:00	29.47
3/1/2024 16:00:00	30.82
3/4/2024 16:00:00	30.45
3/5/2024 16:00:00	28.82
3/6/2024 16:00:00	29.36
3/7/2024 16:00:00	30.66
3/8/2024 16:00:00	29.32
3/11/2024 16:00:00	28.98
3/12/2024 16:00:00	30.21
3/13/2024 16:00:00	29.51
3/14/2024 16:00:00	29.27
3/15/2024 16:00:00	28.2
3/18/2024 16:00:00	28.99
3/19/2024 16:00:00	29.19
3/20/2024 16:00:00	30.23
3/21/2024 16:00:00	30.62
3/22/2024 16:00:00	30.69
3/25/2024 16:00:00	30.37
3/26/2024 16:00:00	30.09
3/27/2024 16:00:00	30.35
3/28/2024 16:00:00	30.16
4/1/2024 16:00:00	30.35
4/2/2024 16:00:00	29.54
4/3/2024 16:00:00	29.73
4/4/2024 16:00:00	28.33
4/5/2024 16:00:00	29.33
4/8/2024 16:00:00	29.35
4/9/2024 16:00:00	29.65
4/10/2024 16:00:00	28.87
4/11/2024 16:00:00	30.23
4/12/2024 16:00:00	28.77
4/15/2024 16:00:00	27.33
4/16/2024 16:00:00	27.33
4/17/2024 16:00:00	26.32
4/18/2024 16:00:00	25.85
4/19/2024 16:00:00	24.24
4/22/2024 16:00:00	24.95
4/23/2024 16:00:00	26.06
4/24/2024 16:00:00	26.32
4/25/2024 16:00:00	25.89
4/26/2024 16:00:00	27.09
4/29/2024 16:00:00	27.41
4/30/2024 16:00:00	25.84
5/1/2024 16:00:00	25.28
5/2/2024 16:00:00	26.22
5/3/2024 16:00:00	27.78
5/6/2024 16:00:00	28.69
5/7/2024 16:00:00	28.69
5/8/2024 16:00:00	28.64
5/9/2024 16:00:00	28.8
5/10/2024 16:00:00	28.99
5/13/2024 16:00:00	29.18
5/14/2024 16:00:00	29.73
5/15/2024 16:00:00	31.1
5/16/2024 16:00:00	30.91
5/17/2024 16:00:00	30.84
5/20/2024 16:00:00	31.48
5/21/2024 16:00:00	31.64
5/22/2024 16:00:00	31.62
5/23/2024 16:00:00	31.15
5/24/2024 16:00:00	32.02
5/28/2024 16:00:00	32.37
5/29/2024 16:00:00	31.69
5/30/2024 16:00:00	30.67
5/31/2024 16:00:00	30.64
6/3/2024 16:00:00	30.94
6/4/2024 16:00:00	31.17
6/5/2024 16:00:00	33.05
6/6/2024 16:00:00	33.01
6/7/2024 16:00:00	32.89
6/10/2024 16:00:00	33.23
6/11/2024 16:00:00	33.92
6/12/2024 16:00:00	35.26
6/13/2024 16:00:00	35.82
6/14/2024 16:00:00	36.34
6/17/2024 16:00:00	37.66
6/18/2024 16:00:00	37.68
6/20/2024 16:00:00	36.79
6/21/2024 16:00:00	36.45
6/24/2024 16:00:00	35.22
6/25/2024 16:00:00	36.39
6/26/2024 16:00:00	36.62
6/27/2024 16:00:00	36.89
6/28/2024 16:00:00	36.31
7/1/2024 16:00:00	36.9
7/2/2024 16:00:00	38.03
7/3/2024 16:00:00	38.97
7/5/2024 16:00:00	40.15
7/8/2024 16:00:00	40.41
7/9/2024 16:00:00	40.5
7/10/2024 16:00:00	41.77
7/11/2024 16:00:00	39.03
7/12/2024 16:00:00	39.66
7/15/2024 16:00:00	39.96
7/16/2024 16:00:00	39.99
7/17/2024 16:00:00	36.47
7/18/2024 16:00:00	35.92
7/19/2024 16:00:00	34.95
7/22/2024 16:00:00	36.48
7/23/2024 16:00:00	36.08
7/24/2024 16:00:00	32.19
7/25/2024 16:00:00	31.12
7/26/2024 16:00:00	32.01
7/29/2024 16:00:00	32.2
7/30/2024 16:00:00	30.88
7/31/2024 16:00:00	33.58
8/1/2024 16:00:00	31.16
8/2/2024 16:00:00	28.89
8/5/2024 16:00:00	26.37
8/6/2024 16:00:00	27.03
8/7/2024 16:00:00	26.16
8/8/2024 16:00:00	28.56
8/9/2024 16:00:00	28.95
8/12/2024 16:00:00	29.14
8/13/2024 16:00:00	31.26
8/14/2024 16:00:00	31.32
8/15/2024 16:00:00	33.67
8/16/2024 16:00:00	33.76
8/19/2024 16:00:00	35.07
8/20/2024 16:00:00	34.85
8/21/2024 16:00:00	35.33
8/22/2024 16:00:00	33.63
8/23/2024 16:00:00	34.69
8/26/2024 16:00:00	33.67
8/27/2024 16:00:00	33.96
8/28/2024 16:00:00	32.81
8/29/2024 16:00:00	32.63
8/30/2024 16:00:00	33.75
9/3/2024 16:00:00	30.67
9/4/2024 16:00:00	30.41
9/5/2024 16:00:00	30.5
9/6/2024 16:00:00	28.03
9/9/2024 16:00:00	29.07
9/10/2024 16:00:00	29.85
9/11/2024 16:00:00	31.76
9/12/2024 16:00:00	32.7
9/13/2024 16:00:00	33.13
9/16/2024 16:00:00	32.68
9/17/2024 16:00:00	32.7
9/18/2024 16:00:00	32.27
9/19/2024 16:00:00	34.71
9/20/2024 16:00:00	34.49
9/23/2024 16:00:00	34.75
9/24/2024 16:00:00	35.24
9/25/2024 16:00:00	35.36
9/26/2024 16:00:00	36.11
9/27/2024 16:00:00	35.49
9/30/2024 16:00:00	35.77
10/1/2024 16:00:00	34.25
10/2/2024 16:00:00	34.38
10/3/2024 16:00:00	34.3
10/4/2024 16:00:00	35.51
10/7/2024 16:00:00	34.34
10/8/2024 16:00:00	35.83
10/9/2024 16:00:00	36.7
10/10/2024 16:00:00	36.57
10/11/2024 16:00:00	36.66
10/14/2024 16:00:00	37.6
10/15/2024 16:00:00	36.1
10/16/2024 16:00:00	36.08
10/17/2024 16:00:00	36.19
10/18/2024 16:00:00	36.83
10/21/2024 16:00:00	37.03
10/22/2024 16:00:00	37.14
10/23/2024 16:00:00	35.42
10/24/2024 16:00:00	36.27
10/25/2024 16:00:00	36.88
10/28/2024 16:00:00	36.91
10/29/2024 16:00:00	37.93
10/30/2024 16:00:00	37.09
10/31/2024 16:00:00	34.27
11/1/2024 16:00:00	35.0
11/4/2024 16:00:00	34.67
11/5/2024 16:00:00	35.99
11/6/2024 16:00:00	38.91
11/7/2024 16:00:00	40.73
11/8/2024 16:00:00	40.83
11/11/2024 16:00:00	40.76
11/12/2024 16:00:00	40.54
11/13/2024 16:00:00	40.36
11/14/2024 16:00:00	39.5
11/15/2024 16:00:00	36.65
11/18/2024 16:00:00	37.39
11/19/2024 16:00:00	38.14
11/20/2024 16:00:00	38.09
11/21/2024 16:00:00	38.47
11/22/2024 16:00:00	38.61
11/25/2024 16:00:00	38.79
11/26/2024 16:00:00	39.39
11/27/2024 16:00:00	38.44
11/29/2024 16:00:00	39.42
12/2/2024 16:00:00	40.7
12/3/2024 16:00:00	41.06
12/4/2024 16:00:00	42.56
12/5/2024 16:00:00	42.21
12/6/2024 16:00:00	43.29
12/9/2024 16:00:00	42.28
12/10/2024 16:00:00	41.82
12/11/2024 16:00:00	44.06
12/12/2024 16:00:00	43.18
12/13/2024 16:00:00	44.11
12/16/2024 16:00:00	46.03
12/17/2024 16:00:00	45.42
12/18/2024 16:00:00	40.51
12/19/2024 16:00:00	39.93
12/20/2024 16:00:00	40.97
12/23/2024 16:00:00	42.11
12/24/2024 16:00:00	43.78
12/26/2024 16:00:00	43.69
12/27/2024 16:00:00	41.91
12/30/2024 16:00:00	40.23
12/31/2024 16:00:00	39.17
1/2/2025 16:00:00	38.93
1/3/2025 16:00:00	40.79
1/6/2025 16:00:00	42.18
1/7/2025 16:00:00	39.91
1/8/2025 16:00:00	39.94
1/10/2025 16:00:00	38.04
1/13/2025 16:00:00	37.64
1/14/2025 16:00:00	37.51
1/15/2025 16:00:00	40.04
1/16/2025 16:00:00	39.22
1/17/2025 16:00:00	41.16
1/21/2025 16:00:00	41.84
1/22/2025 16:00:00	43.47
1/23/2025 16:00:00	43.73
1/24/2025 16:00:00	42.95
1/27/2025 16:00:00	39.18
1/28/2025 16:00:00	40.92
1/29/2025 16:00:00	40.66
1/30/2025 16:00:00	41.17
1/31/2025 16:00:00	40.95
2/3/2025 16:00:00	39.96
2/4/2025 16:00:00	41.41
2/5/2025 16:00:00	41.95
2/6/2025 16:00:00	42.58
2/7/2025 16:00:00	40.96
2/10/2025 16:00:00	42.4
2/11/2025 16:00:00	42.1
2/12/2025 16:00:00	42.18
2/13/2025 16:00:00	43.96
2/14/2025 16:00:00	44.47
2/18/2025 16:00:00	44.75
2/19/2025 16:00:00	44.75
2/20/2025 16:00:00	44.21
2/21/2025 16:00:00	41.44
2/24/2025 16:00:00	39.95
2/25/2025 16:00:00	38.43
2/26/2025 16:00:00	38.67
2/27/2025 16:00:00	35.47
2/28/2025 16:00:00	37.09
3/3/2025 16:00:00	34.69
3/4/2025 16:00:00	34.31
3/5/2025 16:00:00	35.65
3/6/2025 16:00:00	32.69
3/7/2025 16:00:00	33.37
3/10/2025 16:00:00	29.61
3/11/2025 16:00:00	29.26
3/12/2025 16:00:00	30.26
3/13/2025 16:00:00	28.61
3/14/2025 16:00:00	30.64
3/17/2025 16:00:00	31.23
3/18/2025 16:00:00	29.66
3/19/2025 16:00:00	30.81
3/20/2025 16:00:00	30.5
3/21/2025 16:00:00	30.78
3/24/2025 16:00:00	32.74
3/25/2025 16:00:00	33.32
3/26/2025 16:00:00	31.47
3/27/2025 16:00:00	30.93
3/28/2025 16:00:00	28.47
3/31/2025 16:00:00	28.45
4/1/2025 16:00:00	29.11
4/2/2025 16:00:00	29.76
4/3/2025 16:00:00	24.98
4/4/2025 16:00:00	20.4
4/7/2025 16:00:00	20.48
4/8/2025 16:00:00	19.31
4/9/2025 16:00:00	26.12
4/10/2025 16:00:00	22.91
4/11/2025 16:00:00	24.12
4/14/2025 16:00:00	24.63
4/15/2025 16:00:00	24.72
4/16/2025 16:00:00	22.49
4/17/2025 16:00:00	22.42
4/21/2025 16:00:00	20.78
4/22/2025 16:00:00	22.37
4/23/2025 16:00:00	23.86
4/24/2025 16:00:00	25.89
4/25/2025 16:00:00	26.74
4/28/2025 16:00:00	26.72
4/29/2025 16:00:00	27.24
4/30/2025 16:00:00	27.25
5/1/2025 16:00:00	28.19
5/2/2025 16:00:00	29.51
5/5/2025 16:00:00	29.0
5/6/2025 16:00:00	28.17
5/7/2025 16:00:00	28.5
5/8/2025 16:00:00	29.35
5/9/2025 16:00:00	29.28
5/12/2025 16:00:00	32.83
5/13/2025 16:00:00	34.33
5/14/2025 16:00:00	34.94
5/15/2025 16:00:00	35.04
5/16/2025 16:00:00	35.48
5/19/2025 16:00:00	35.57
5/20/2025 16:00:00	35.2
5/21/2025 16:00:00	33.73
5/22/2025 16:00:00	33.91
5/23/2025 16:00:00	32.93
5/27/2025 16:00:00	35.22
5/28/2025 16:00:00	34.77
5/29/2025 16:00:00	34.94
5/30/2025 16:00:00	34.76
6/2/2025 16:00:00	35.56
6/3/2025 16:00:00	36.39
6/4/2025 16:00:00	36.68
6/5/2025 16:00:00	35.82
6/6/2025 16:00:00	36.85
6/9/2025 16:00:00	37.01
6/10/2025 16:00:00	37.73
6/11/2025 16:00:00	37.34
6/12/2025 16:00:00	37.58
6/13/2025 16:00:00	36.16
6/16/2025 16:00:00	37.64
6/17/2025 16:00:00	36.52
6/18/2025 16:00:00	36.47
6/20/2025 16:00:00	35.97
6/23/2025 16:00:00	37.09
6/24/2025 16:00:00	38.78
6/25/2025 16:00:00	39.08
6/26/2025 16:00:00	40.15
6/27/2025 16:00:00	40.54
6/30/2025 16:00:00	41.33
7/1/2025 16:00:00	40.28
7/2/2025 16:00:00	41.08
7/3/2025 16:00:00	42.23
7/7/2025 16:00:00	41.29
7/8/2025 16:00:00	41.34
7/9/2025 16:00:00	42.2
7/10/2025 16:00:00	42.0
7/11/2025 16:00:00	41.69
7/14/2025 16:00:00	42.13
7/15/2025 16:00:00	42.24
7/16/2025 16:00:00	42.36
7/17/2025 16:00:00	43.34
7/18/2025 16:00:00	43.19
7/21/2025 16:00:00	43.85
7/22/2025 16:00:00	43.17
7/23/2025 16:00:00	43.74
7/24/2025 16:00:00	44.03
7/25/2025 16:00:00	44.27
7/28/2025 16:00:00	44.71
7/29/2025 16:00:00	44.5
7/30/2025 16:00:00	44.66
7/31/2025 16:00:00	43.92
8/1/2025 16:00:00	41.29
8/4/2025 16:00:00	43.55
8/5/2025 16:00:00	42.64
8/6/2025 16:00:00	44.24
8/7/2025 16:00:00	44.68
8/8/2025 16:00:00	45.89
8/11/2025 16:00:00	45.48
8/12/2025 16:00:00	47.16
8/13/2025 16:00:00	47.23
8/14/2025 16:00:00	47.1
8/15/2025 16:00:00	46.44
8/18/2025 16:00:00	46.38
8/19/2025 16:00:00	44.48
8/20/2025 16:00:00	43.67
8/21/2025 16:00:00	43.06
8/22/2025 16:00:00	45.0
8/25/2025 16:00:00	44.61
8/26/2025 16:00:00	45.13
8/27/2025 16:00:00	45.33
8/28/2025 16:00:00	46.16
8/29/2025 16:00:00	44.49
9/2/2025 16:00:00	43.36
9/3/2025 16:00:00	44.37
9/4/2025 16:00:00	45.57
9/5/2025 16:00:00	45.72
9/8/2025 16:00:00	46.37
9/9/2025 16:00:00	46.75
9/10/2025 16:00:00	46.8
9/11/2025 16:00:00	47.59
9/12/2025 16:00:00	48.18
9/15/2025 16:00:00	49.41
9/16/2025 16:00:00	49.27
9/17/2025 16:00:00	48.96
9/18/2025 16:00:00	50.28
9/19/2025 16:00:00	51.28
9/22/2025 16:00:00	52.14
9/23/2025 16:00:00	51.09
9/24/2025 16:00:00	50.54
9/25/2025 16:00:00	49.86
9/26/2025 16:00:00	50.46
9/29/2025 16:00:00	51.14
9/30/2025 16:00:00	51.53
10/1/2025 16:00:00	52.26
10/2/2025 16:00:00	52.9
10/3/2025 16:00:00	52.18
10/6/2025 16:00:00	53.35
10/7/2025 16:00:00	52.49
10/8/2025 16:00:00	54.27
10/9/2025 16:00:00	54.05
10/10/2025 16:00:00	48.38
10/13/2025 16:00:00	51.45
10/14/2025 16:00:00	50.4
10/15/2025 16:00:00	51.43
10/16/2025 16:00:00	50.86
10/17/2025 16:00:00	51.83
10/20/2025 16:00:00	53.77
10/21/2025 16:00:00	53.71
10/22/2025 16:00:00	52.13
10/23/2025 16:00:00	53.44
10/24/2025 16:00:00	55.1
10/27/2025 16:00:00	58.03
10/28/2025 16:00:00	59.35
10/29/2025 16:00:00	60.11
10/30/2025 16:00:00	57.36
10/31/2025 16:00:00	58.17
11/3/2025 16:00:00	58.97
11/4/2025 16:00:00	55.36
11/5/2025 16:00:00	56.44
11/6/2025 16:00:00	53.27
11/7/2025 16:00:00	52.72
11/10/2025 16:00:00	56.17
11/11/2025 16:00:00	55.71
11/12/2025 16:00:00	55.6
11/13/2025 16:00:00	52.16
11/14/2025 16:00:00	52.2
11/17/2025 16:00:00	50.86
11/18/2025 16:00:00	49.02
11/19/2025 16:00:00	49.86
11/20/2025 16:00:00	46.3
11/21/2025 16:00:00	47.33
11/24/2025 16:00:00	50.92
11/25/2025 16:00:00	51.84
11/26/2025 16:00:00	53.2
11/28/2025 16:00:00	54.36
12/1/2025 16:00:00	53.88
12/2/2025 16:00:00	55.12
12/3/2025 16:00:00	55.51
12/4/2025 16:00:00	55.33
12/5/2025 16:00:00	55.97
12/8/2025 16:00:00	55.62
12/9/2025 16:00:00	55.83
12/10/2025 16:00:00	56.47
12/11/2025 16:00:00	55.93
12/12/2025 16:00:00	52.65
12/15/2025 16:00:00	51.85
12/16/2025 16:00:00	52.16
12/17/2025 16:00:00	49.24
12/18/2025 16:00:00	51.34
12/19/2025 16:00:00	53.35
12/22/2025 16:00:00	54.08
12/23/2025 16:00:00	54.83
12/24/2025 16:00:00	55.27
12/26/2025 16:00:00	55.22
12/29/2025 16:00:00	54.4
12/30/2025 16:00:00	54.01
12/31/2025 16:00:00	52.63
1/2/2026 16:00:00	52.26
1/5/2026 16:00:00	53.51
1/6/2026 16:00:00	54.92
1/7/2026 16:00:00	55.08
1/8/2026 16:00:00	54.1
1/9/2026 16:00:00	55.67
1/12/2026 16:00:00	55.8
1/13/2026 16:00:00	55.51
1/14/2026 16:00:00	53.74
1/15/2026 16:00:00	54.29
1/16/2026 16:00:00	54.05
1/20/2026 16:00:00	50.65
1/21/2026 16:00:00	52.64
1/22/2026 16:00:00	53.81
1/23/2026 16:00:00	54.29
1/26/2026 16:00:00	54.99
1/27/2026 16:00:00	56.45
1/28/2026 16:00:00	56.97
1/29/2026 16:00:00	55.95
1/30/2026 16:00:00	53.91
2/2/2026 16:00:00	55.01
2/3/2026 16:00:00	52.43
2/4/2026 16:00:00	49.68
2/5/2026 16:00:00	47.56
2/6/2026 16:00:00	50.51
2/9/2026 16:00:00	51.65
2/10/2026 16:00:00	50.94
2/11/2026 16:00:00	51.32
2/12/2026 16:00:00	48.18
2/13/2026 16:00:00	48.39
2/17/2026 16:00:00	48.27
2/18/2026 16:00:00	49.31
2/19/2026 16:00:00	48.75
2/20/2026 16:00:00	49.98
2/23/2026 16:00:00	48.16
2/24/2026 16:00:00	49.7
2/25/2026 16:00:00	51.78
2/26/2026 16:00:00	49.97
2/27/2026 16:00:00	49.44
3/2/2026 16:00:00	49.62
3/3/2026 16:00:00	48.02
3/4/2026 16:00:00	50.18
3/5/2026 16:00:00	49.72
3/6/2026 16:00:00	47.46
3/9/2026 16:00:00	49.31
3/10/2026 16:00:00	49.32
3/11/2026 16:00:00	49.27
3/12/2026 16:00:00	46.75
3/13/2026 16:00:00	45.85
3/16/2026 16:00:00	47.38
3/17/2026 16:00:00	48.08
3/18/2026 16:00:00	46.02
3/19/2026 16:00:00	45.61
3/20/2026 16:00:00	43.01
3/23/2026 16:00:00	44.5
3/24/2026 16:00:00	43.55
3/25/2026 16:00:00	44.39
3/26/2026 16:00:00	41.23
3/27/2026 16:00:00	38.78
3/30/2026 16:00:00	37.89
3/31/2026 16:00:00	41.68
4/1/2026 16:00:00	43.23
4/2/2026 16:00:00	43.33
4/6/2026 16:00:00	44.1
4/7/2026 16:00:00	44.15
4/8/2026 16:00:00	48.0
4/9/2026 16:00:00	48.96
4/10/2026 16:00:00	49.17
4/13/2026 16:00:00	50.66
4/14/2026 16:00:00	53.41
4/15/2026 16:00:00	55.65
4/16/2026 16:00:00	56.43
4/17/2026 16:00:00	58.59
4/20/2026 16:00:00	58.08
4/21/2026 16:00:00	58.07
